t,prob,mean_x,mean_y,mean_z,variance,entropy,ipr,u_centroid,eps_fraction
0,4.080016E+003,3.672643E-001,5.775755E-001,0.000000E+000,1.776580E-001,8.739116E+000,4.409603E-003,2.810104E-001,8.241844E-001
1,4.080016E+003,3.666156E-001,5.769273E-001,0.000000E+000,1.762547E-001,1.010281E+001,2.250867E-003,2.798169E-001,7.551918E-001
2,4.080016E+003,3.658981E-001,5.762099E-001,0.000000E+000,1.747673E-001,1.098613E+001,1.523425E-003,2.785635E-001,6.883011E-001
3,4.080016E+003,3.651674E-001,5.754792E-001,0.000000E+000,1.733549E-001,1.168439E+001,1.093854E-003,2.773914E-001,6.271477E-001
4,4.080016E+003,3.644294E-001,5.747410E-001,0.000000E+000,1.720474E-001,1.222504E+001,8.345810E-004,2.763287E-001,5.698013E-001
5,4.080016E+003,3.636906E-001,5.740017E-001,0.000000E+000,1.708679E-001,1.268239E+001,6.606388E-004,2.753964E-001,5.161438E-001
6,4.080016E+003,3.629510E-001,5.732615E-001,0.000000E+000,1.698220E-001,1.307269E+001,5.381849E-004,2.746002E-001,4.639435E-001
7,4.080016E+003,3.622119E-001,5.725215E-001,0.000000E+000,1.689157E-001,1.341437E+001,4.489271E-004,2.739455E-001,4.118423E-001
8,4.080016E+003,3.614730E-001,5.717816E-001,0.000000E+000,1.681506E-001,1.371914E+001,3.812436E-004,2.734340E-001,3.634262E-001
9,4.080016E+003,3.607347E-001,5.710420E-001,0.000000E+000,1.675288E-001,1.399287E+001,3.288307E-004,2.730679E-001,3.182869E-001
10,4.080016E+003,3.599969E-001,5.703026E-001,0.000000E+000,1.670509E-001,1.424269E+001,2.871435E-004,2.728474E-001,2.740974E-001
11,4.080016E+003,3.592602E-001,5.695634E-001,0.000000E+000,1.667175E-001,1.447098E+001,2.534271E-004,2.727731E-001,2.334709E-001
12,4.080016E+003,3.585254E-001,5.688243E-001,0.000000E+000,1.665280E-001,1.468082E+001,2.256677E-004,2.728438E-001,1.994095E-001
13,4.080016E+003,3.577946E-001,5.680855E-001,0.000000E+000,1.664814E-001,1.487101E+001,2.025138E-004,2.730571E-001,1.705742E-001
14,4.080016E+003,3.570715E-001,5.673467E-001,0.000000E+000,1.665753E-001,1.503908E+001,1.830240E-004,2.734085E-001,1.455116E-001
15,4.080016E+003,3.563625E-001,5.666081E-001,0.000000E+000,1.668053E-001,1.518112E+001,1.665614E-004,2.738895E-001,1.234360E-001
16,4.080016E+003,3.556813E-001,5.658695E-001,0.000000E+000,1.671618E-001,1.530641E+001,1.524851E-004,2.744822E-001,1.037521E-001
17,4.080016E+003,3.550578E-001,5.651310E-001,0.000000E+000,1.676238E-001,1.542028E+001,1.401840E-004,2.751472E-001,8.633423E-002
18,4.080016E+003,3.545471E-001,5.643925E-001,0.000000E+000,1.681524E-001,1.551834E+001,1.295531E-004,2.758118E-001,7.106781E-002
19,4.080016E+003,3.542236E-001,5.636541E-001,0.000000E+000,1.686955E-001,1.560491E+001,1.203176E-004,2.763777E-001,5.767059E-002
20,4.080016E+003,3.541491E-001,5.629156E-001,0.000000E+000,1.692095E-001,1.569105E+001,1.119799E-004,2.767633E-001,4.606247E-002
21,4.080016E+003,3.543307E-001,5.621772E-001,0.000000E+000,1.696896E-001,1.577170E+001,1.045736E-004,2.769594E-001,3.652573E-002
22,4.080016E+003,3.547140E-001,5.614388E-001,0.000000E+000,1.701743E-001,1.584424E+001,9.808503E-005,2.770378E-001,2.936554E-002
23,4.080016E+003,3.552361E-001,5.607004E-001,0.000000E+000,1.707075E-001,1.591379E+001,9.224172E-005,2.770814E-001,2.332306E-002
24,4.080016E+003,3.558831E-001,5.599617E-001,0.000000E+000,1.712987E-001,1.598702E+001,8.686198E-005,2.771085E-001,1.813507E-002
25,4.080016E+003,3.566741E-001,5.592223E-001,0.000000E+000,1.719331E-001,1.605207E+001,8.210923E-005,2.770932E-001,1.348114E-002
26,4.080016E+003,3.576009E-001,5.584802E-001,0.000000E+000,1.726140E-001,1.611266E+001,7.781154E-005,2.770438E-001,9.532928E-003
27,4.080016E+003,3.586288E-001,5.577308E-001,0.000000E+000,1.733609E-001,1.616947E+001,7.389724E-005,2.770005E-001,8.201599E-003
28,4.080016E+003,3.597479E-001,5.569631E-001,0.000000E+000,1.741697E-001,1.621775E+001,7.037944E-005,2.769634E-001,7.869720E-003
29,4.080016E+003,3.609681E-001,5.561551E-001,0.000000E+000,1.750116E-001,1.627235E+001,6.708082E-005,2.768937E-001,7.808685E-003
30,4.080016E+003,3.622770E-001,5.552731E-001,0.000000E+000,1.758632E-001,1.631524E+001,6.400506E-005,2.767688E-001,7.801056E-003
31,4.080016E+003,3.636560E-001,5.542747E-001,0.000000E+000,1.766978E-001,1.635220E+001,6.114077E-005,2.765650E-001,7.797241E-003
32,4.080016E+003,3.651085E-001,5.531231E-001,0.000000E+000,1.774779E-001,1.638720E+001,5.848806E-005,2.762360E-001,7.797241E-003
33,4.080016E+003,3.666334E-001,5.518079E-001,0.000000E+000,1.781926E-001,1.641899E+001,5.584187E-005,2.757711E-001,7.797241E-003
34,4.080016E+003,3.682162E-001,5.503508E-001,0.000000E+000,1.788702E-001,1.643923E+001,5.338235E-005,2.752136E-001,7.797241E-003
35,4.080016E+003,3.698559E-001,5.487895E-001,0.000000E+000,1.795428E-001,1.646609E+001,5.126344E-005,2.746058E-001,7.797241E-003
36,4.080016E+003,3.715535E-001,5.471475E-001,0.000000E+000,1.802287E-001,1.649138E+001,4.920031E-005,2.739717E-001,7.797241E-003
37,4.080016E+003,3.732983E-001,5.454202E-001,0.000000E+000,1.809280E-001,1.651915E+001,4.740741E-005,2.733180E-001,7.797241E-003
38,4.080016E+003,3.750896E-001,5.435962E-001,0.000000E+000,1.816253E-001,1.653695E+001,4.584620E-005,2.726288E-001,7.797241E-003
39,4.080016E+003,3.769288E-001,5.416874E-001,0.000000E+000,1.823186E-001,1.655855E+001,4.437728E-005,2.719053E-001,7.797241E-003
40,4.080016E+003,3.788063E-001,5.397257E-001,0.000000E+000,1.830234E-001,1.657194E+001,4.329786E-005,2.711757E-001,7.797241E-003
41,4.080016E+003,3.807210E-001,5.377368E-001,0.000000E+000,1.837289E-001,1.659100E+001,4.208521E-005,2.704357E-001,7.797241E-003
42,4.080016E+003,3.826758E-001,5.357360E-001,0.000000E+000,1.843975E-001,1.660422E+001,4.093535E-005,2.696497E-001,7.797241E-003
43,4.080016E+003,3.846640E-001,5.337534E-001,0.000000E+000,1.850030E-001,1.661255E+001,3.968787E-005,2.688010E-001,7.797241E-003
44,4.080016E+003,3.866835E-001,5.318295E-001,0.000000E+000,1.855333E-001,1.663767E+001,3.834560E-005,2.678859E-001,7.797241E-003
45,4.080016E+003,3.887342E-001,5.299809E-001,0.000000E+000,1.859820E-001,1.665629E+001,3.730019E-005,2.669004E-001,7.797241E-003
46,4.080016E+003,3.908126E-001,5.281916E-001,0.000000E+000,1.863554E-001,1.666127E+001,3.663667E-005,2.658499E-001,7.797241E-003
47,4.080016E+003,3.929187E-001,5.264408E-001,0.000000E+000,1.866820E-001,1.667978E+001,3.546039E-005,2.647590E-001,7.797241E-003
48,4.080016E+003,3.950504E-001,5.247171E-001,0.000000E+000,1.869953E-001,1.671050E+001,3.403261E-005,2.636605E-001,7.797241E-003
49,4.080016E+003,3.972045E-001,5.230155E-001,0.000000E+000,1.872995E-001,1.672966E+001,3.294852E-005,2.625596E-001,7.797241E-003
50,4.080016E+003,3.993781E-001,5.213429E-001,0.000000E+000,1.875771E-001,1.675112E+001,3.204231E-005,2.614413E-001,7.797241E-003
51,4.080016E+003,4.015627E-001,5.197140E-001,0.000000E+000,1.878234E-001,1.677814E+001,3.104594E-005,2.603076E-001,7.797241E-003
52,4.080016E+003,4.037481E-001,5.181241E-001,0.000000E+000,1.880413E-001,1.680782E+001,3.015184E-005,2.591656E-001,7.797241E-003
53,4.080016E+003,4.059192E-001,5.165536E-001,0.000000E+000,1.882262E-001,1.682325E+001,2.939707E-005,2.580152E-001,7.797241E-003
54,4.080016E+003,4.080540E-001,5.150021E-001,0.000000E+000,1.883656E-001,1.684266E+001,2.869689E-005,2.568547E-001,7.797241E-003
55,4.080016E+003,4.101316E-001,5.134829E-001,0.000000E+000,1.884316E-001,1.686638E+001,2.799633E-005,2.556678E-001,7.797241E-003
56,4.080016E+003,4.121326E-001,5.119940E-001,0.000000E+000,1.883990E-001,1.688894E+001,2.715288E-005,2.544374E-001,7.797241E-003
57,4.080016E+003,4.140482E-001,5.105239E-001,0.000000E+000,1.882710E-001,1.689876E+001,2.646971E-005,2.531687E-001,7.797241E-003
58,4.080016E+003,4.158856E-001,5.090718E-001,0.000000E+000,1.880712E-001,1.691511E+001,2.577035E-005,2.518803E-001,7.797241E-003
59,4.080016E+003,4.176596E-001,5.076447E-001,0.000000E+000,1.878210E-001,1.692217E+001,2.522124E-005,2.505864E-001,7.797241E-003
60,4.080016E+003,4.193863E-001,5.062455E-001,0.000000E+000,1.875392E-001,1.693693E+001,2.458641E-005,2.492974E-001,7.797241E-003
61,4.080016E+003,4.210713E-001,5.048653E-001,0.000000E+000,1.872404E-001,1.694705E+001,2.396871E-005,2.480235E-001,7.797241E-003
62,4.080016E+003,4.227061E-001,5.034945E-001,0.000000E+000,1.869202E-001,1.696287E+001,2.332880E-005,2.467627E-001,7.797241E-003
63,4.080016E+003,4.242823E-001,5.021413E-001,0.000000E+000,1.865682E-001,1.696876E+001,2.286301E-005,2.455088E-001,7.797241E-003
64,4.080016E+003,4.258003E-001,5.008149E-001,0.000000E+000,1.861942E-001,1.698033E+001,2.231740E-005,2.442719E-001,7.797241E-003
65,4.080016E+003,4.272714E-001,4.995055E-001,0.000000E+000,1.858177E-001,1.699037E+001,2.185581E-005,2.430642E-001,7.797241E-003
66,4.080016E+003,4.287057E-001,4.982067E-001,0.000000E+000,1.854517E-001,1.700034E+001,2.134014E-005,2.418930E-001,7.797241E-003
67,4.080016E+003,4.301003E-001,4.969252E-001,0.000000E+000,1.850971E-001,1.700685E+001,2.088426E-005,2.407607E-001,7.797241E-003
68,4.080016E+003,4.314491E-001,4.956605E-001,0.000000E+000,1.847428E-001,1.701553E+001,2.044240E-005,2.396585E-001,7.797241E-003
69,4.080016E+003,4.327549E-001,4.944134E-001,0.000000E+000,1.843838E-001,1.702681E+001,2.004766E-005,2.385798E-001,7.797241E-003
70,4.080016E+003,4.340298E-001,4.931961E-001,0.000000E+000,1.840247E-001,1.703110E+001,1.973855E-005,2.375244E-001,7.797241E-003
71,4.080016E+003,4.352810E-001,4.920094E-001,0.000000E+000,1.836702E-001,1.704168E+001,1.946630E-005,2.364932E-001,7.797241E-003
72,4.080016E+003,4.365064E-001,4.908417E-001,0.000000E+000,1.833251E-001,1.704224E+001,1.926505E-005,2.354906E-001,7.797241E-003
73,4.080016E+003,4.377098E-001,4.896937E-001,0.000000E+000,1.829867E-001,1.703639E+001,1.902814E-005,2.345121E-001,7.797241E-003
74,4.080016E+003,4.389045E-001,4.885777E-001,0.000000E+000,1.826454E-001,1.705373E+001,1.853372E-005,2.335428E-001,7.797241E-003
75,4.080016E+003,4.401001E-001,4.875035E-001,0.000000E+000,1.822940E-001,1.705992E+001,1.823369E-005,2.325718E-001,7.797241E-003
76,4.080016E+003,4.412925E-001,4.864768E-001,0.000000E+000,1.819256E-001,1.706150E+001,1.799812E-005,2.315943E-001,7.797241E-003
77,4.080016E+003,4.424724E-001,4.854975E-001,0.000000E+000,1.815409E-001,1.706356E+001,1.775887E-005,2.306147E-001,7.797241E-003
78,4.080016E+003,4.436370E-001,4.845549E-001,0.000000E+000,1.811589E-001,1.707604E+001,1.749376E-005,2.296520E-001,7.797241E-003
79,4.080016E+003,4.447868E-001,4.836356E-001,0.000000E+000,1.808002E-001,1.707105E+001,1.734824E-005,2.287252E-001,7.797241E-003
80,4.080016E+003,4.459235E-001,4.827389E-001,0.000000E+000,1.804670E-001,1.707799E+001,1.710175E-005,2.278356E-001,7.797241E-003
81,4.080016E+003,4.470534E-001,4.818700E-001,0.000000E+000,1.801559E-001,1.708181E+001,1.685139E-005,2.269773E-001,7.797241E-003
82,4.080016E+003,4.481820E-001,4.810278E-001,0.000000E+000,1.798732E-001,1.708229E+001,1.668130E-005,2.261537E-001,7.797241E-003
83,4.080016E+003,4.493049E-001,4.802116E-001,0.000000E+000,1.796259E-001,1.708875E+001,1.642575E-005,2.253739E-001,7.797241E-003
84,4.080016E+003,4.504142E-001,4.794204E-001,0.000000E+000,1.794151E-001,1.708402E+001,1.626594E-005,2.246417E-001,7.797241E-003
85,4.080016E+003,4.515114E-001,4.786520E-001,0.000000E+000,1.792423E-001,1.710630E+001,1.595273E-005,2.239578E-001,7.797241E-003
86,4.080016E+003,4.525982E-001,4.779078E-001,0.000000E+000,1.791107E-001,1.710088E+001,1.590616E-005,2.233246E-001,7.797241E-003
87,4.080016E+003,4.536621E-001,4.771881E-001,0.000000E+000,1.790083E-001,1.710739E+001,1.579892E-005,2.227352E-001,7.797241E-003
88,4.080016E+003,4.546853E-001,4.764938E-001,0.000000E+000,1.789144E-001,1.710819E+001,1.571501E-005,2.221758E-001,7.797241E-003
89,4.080016E+003,4.556615E-001,4.758246E-001,0.000000E+000,1.788223E-001,1.710930E+001,1.559065E-005,2.216419E-001,7.797241E-003
90,4.080016E+003,4.565957E-001,4.751726E-001,0.000000E+000,1.787423E-001,1.711346E+001,1.539308E-005,2.211412E-001,7.797241E-003
91,4.080016E+003,4.574912E-001,4.745361E-001,0.000000E+000,1.786862E-001,1.712728E+001,1.514634E-005,2.206836E-001,7.797241E-003
92,4.080016E+003,4.583455E-001,4.739240E-001,0.000000E+000,1.786452E-001,1.712296E+001,1.503265E-005,2.202616E-001,7.797241E-003
93,4.080016E+003,4.591466E-001,4.733405E-001,0.000000E+000,1.785986E-001,1.712147E+001,1.489233E-005,2.198591E-001,7.797241E-003
94,4.080016E+003,4.598761E-001,4.727840E-001,0.000000E+000,1.785397E-001,1.712531E+001,1.472980E-005,2.194764E-001,7.797241E-003
95,4.080016E+003,4.605301E-001,4.722480E-001,0.000000E+000,1.784791E-001,1.712205E+001,1.461720E-005,2.191250E-001,7.797241E-003
96,4.080016E+003,4.611242E-001,4.717276E-001,0.000000E+000,1.784325E-001,1.712629E+001,1.445028E-005,2.188138E-001,7.797241E-003
97,4.080016E+003,4.616700E-001,4.712304E-001,0.000000E+000,1.784022E-001,1.712146E+001,1.441462E-005,2.185404E-001,7.797241E-003
98,4.080016E+003,4.621637E-001,4.707659E-001,0.000000E+000,1.783773E-001,1.713325E+001,1.418490E-005,2.182959E-001,7.797241E-003
99,4.080016E+003,4.625984E-001,4.703300E-001,0.000000E+000,1.783578E-001,1.713689E+001,1.406504E-005,2.180823E-001,7.797241E-003
100,4.080016E+003,4.629715E-001,4.699155E-001,0.000000E+000,1.783474E-001,1.713752E+001,1.394542E-005,2.179042E-001,7.797241E-003
101,4.080016E+003,4.632853E-001,4.695248E-001,0.000000E+000,1.783460E-001,1.713447E+001,1.385444E-005,2.177600E-001,7.797241E-003
102,4.080016E+003,4.635488E-001,4.691679E-001,0.000000E+000,1.783586E-001,1.714458E+001,1.363619E-005,2.176518E-001,7.797241E-003
103,4.080016E+003,4.637700E-001,4.688669E-001,0.000000E+000,1.783754E-001,1.714998E+001,1.346928E-005,2.175674E-001,7.797241E-003
104,4.080016E+003,4.639515E-001,4.686507E-001,0.000000E+000,1.783691E-001,1.716476E+001,1.322922E-005,2.174797E-001,7.797241E-003
105,4.080016E+003,4.640943E-001,4.685276E-001,0.000000E+000,1.783332E-001,1.715580E+001,1.324693E-005,2.173820E-001,7.797241E-003
106,4.080016E+003,4.641991E-001,4.684816E-001,0.000000E+000,1.782823E-001,1.715377E+001,1.322647E-005,2.172879E-001,7.797241E-003
107,4.080016E+003,4.642643E-001,4.684961E-001,0.000000E+000,1.782322E-001,1.715881E+001,1.309080E-005,2.172129E-001,7.797241E-003
108,4.080016E+003,4.642886E-001,4.685617E-001,0.000000E+000,1.781943E-001,1.715854E+001,1.298929E-005,2.171685E-001,7.797241E-003
109,4.080016E+003,4.642757E-001,4.686738E-001,0.000000E+000,1.781750E-001,1.716338E+001,1.289555E-005,2.171594E-001,7.797241E-003
110,4.080016E+003,4.642309E-001,4.688242E-001,0.000000E+000,1.781804E-001,1.717072E+001,1.275795E-005,2.171894E-001,7.797241E-003
111,4.080016E+003,4.641569E-001,4.689977E-001,0.000000E+000,1.782146E-001,1.717360E+001,1.275317E-005,2.172608E-001,7.797241E-003
112,4.080016E+003,4.640508E-001,4.691870E-001,0.000000E+000,1.782715E-001,1.717556E+001,1.273506E-005,2.173682E-001,7.797241E-003
113,4.080016E+003,4.639095E-001,4.693969E-001,0.000000E+000,1.783339E-001,1.717518E+001,1.271240E-005,2.174962E-001,7.797241E-003
114,4.080016E+003,4.637350E-001,4.696377E-001,0.000000E+000,1.783818E-001,1.717846E+001,1.271161E-005,2.176242E-001,7.797241E-003
115,4.080016E+003,4.635226E-001,4.699075E-001,0.000000E+000,1.783988E-001,1.717828E+001,1.260567E-005,2.177379E-001,7.797241E-003
116,4.080016E+003,4.632607E-001,4.701850E-001,0.000000E+000,1.783772E-001,1.719101E+001,1.233950E-005,2.178331E-001,7.797241E-003
117,4.080016E+003,4.629480E-001,4.704555E-001,0.000000E+000,1.783157E-001,1.719092E+001,1.220090E-005,2.179085E-001,7.797241E-003
118,4.080016E+003,4.625944E-001,4.707239E-001,0.000000E+000,1.782115E-001,1.719529E+001,1.212367E-005,2.179574E-001,7.797241E-003
119,4.080016E+003,4.622065E-001,4.709982E-001,0.000000E+000,1.780684E-001,1.719749E+001,1.200468E-005,2.179818E-001,7.797241E-003
120,4.080016E+003,4.617853E-001,4.712821E-001,0.000000E+000,1.779072E-001,1.717955E+001,1.209008E-005,2.180022E-001,7.797241E-003
121,4.080016E+003,4.613318E-001,4.715740E-001,0.000000E+000,1.777474E-001,1.719070E+001,1.197005E-005,2.180380E-001,7.797241E-003
122,4.080016E+003,4.608511E-001,4.718697E-001,0.000000E+000,1.775933E-001,1.719443E+001,1.194694E-005,2.180910E-001,7.797241E-003
123,4.080016E+003,4.603550E-001,4.721701E-001,0.000000E+000,1.774410E-001,1.719529E+001,1.180463E-005,2.181528E-001,7.797241E-003
124,4.080016E+003,4.598531E-001,4.724787E-001,0.000000E+000,1.772849E-001,1.720165E+001,1.169694E-005,2.182142E-001,7.797241E-003
125,4.080016E+003,4.593454E-001,4.727931E-001,0.000000E+000,1.771170E-001,1.720271E+001,1.164969E-005,2.182673E-001,7.797241E-003
126,4.080016E+003,4.588318E-001,4.731044E-001,0.000000E+000,1.769344E-001,1.720170E+001,1.163925E-005,2.183086E-001,7.797241E-003
127,4.080016E+003,4.583211E-001,4.734065E-001,0.000000E+000,1.767416E-001,1.721052E+001,1.151356E-005,2.183387E-001,7.797241E-003
128,4.080016E+003,4.578279E-001,4.737041E-001,0.000000E+000,1.765358E-001,1.720832E+001,1.150558E-005,2.183491E-001,7.797241E-003
129,4.080016E+003,4.573639E-001,4.740066E-001,0.000000E+000,1.763068E-001,1.721293E+001,1.148403E-005,2.183254E-001,7.797241E-003
130,4.080016E+003,4.569283E-001,4.743152E-001,0.000000E+000,1.760523E-001,1.720930E+001,1.149542E-005,2.182657E-001,7.797241E-003
131,4.080016E+003,4.565113E-001,4.746253E-001,0.000000E+000,1.757783E-001,1.721845E+001,1.134096E-005,2.181794E-001,7.797241E-003
132,4.080016E+003,4.561025E-001,4.749393E-001,0.000000E+000,1.754882E-001,1.721804E+001,1.127645E-005,2.180746E-001,7.797241E-003
133,4.080016E+003,4.556960E-001,4.752657E-001,0.000000E+000,1.751897E-001,1.721854E+001,1.121481E-005,2.179616E-001,7.797241E-003
134,4.080016E+003,4.552954E-001,4.756061E-001,0.000000E+000,1.749027E-001,1.721274E+001,1.126505E-005,2.178592E-001,7.797241E-003
135,4.080016E+003,4.549088E-001,4.759568E-001,0.000000E+000,1.746436E-001,1.721727E+001,1.115724E-005,2.177801E-001,7.797241E-003
136,4.080016E+003,4.545409E-001,4.763164E-001,0.000000E+000,1.744044E-001,1.721016E+001,1.109401E-005,2.177142E-001,7.797241E-003
137,4.080016E+003,4.541957E-001,4.766822E-001,0.000000E+000,1.741656E-001,1.721503E+001,1.100840E-005,2.176403E-001,7.797241E-003
138,4.080016E+003,4.538735E-001,4.770497E-001,0.000000E+000,1.739212E-001,1.721923E+001,1.092656E-005,2.175519E-001,7.797241E-003
139,4.080016E+003,4.535666E-001,4.774160E-001,0.000000E+000,1.736841E-001,1.721486E+001,1.096620E-005,2.174649E-001,7.797241E-003
140,4.080016E+003,4.532656E-001,4.777767E-001,0.000000E+000,1.734698E-001,1.722628E+001,1.082675E-005,2.173985E-001,7.797241E-003
141,4.080016E+003,4.529707E-001,4.781289E-001,0.000000E+000,1.732793E-001,1.722656E+001,1.084489E-005,2.173530E-001,7.797241E-003
142,4.080016E+003,4.526845E-001,4.784750E-001,0.000000E+000,1.731028E-001,1.722496E+001,1.086835E-005,2.173181E-001,7.797241E-003
143,4.080016E+003,4.523972E-001,4.788181E-001,0.000000E+000,1.729318E-001,1.722573E+001,1.075047E-005,2.172892E-001,7.797241E-003
144,4.080016E+003,4.520951E-001,4.791560E-001,0.000000E+000,1.727581E-001,1.722319E+001,1.073573E-005,2.172639E-001,7.797241E-003
145,4.080016E+003,4.517772E-001,4.794813E-001,0.000000E+000,1.725737E-001,1.723637E+001,1.059679E-005,2.172340E-001,7.797241E-003
146,4.080016E+003,4.514441E-001,4.797893E-001,0.000000E+000,1.723707E-001,1.722988E+001,1.061953E-005,2.171911E-001,7.797241E-003
147,4.080016E+003,4.510933E-001,4.800803E-001,0.000000E+000,1.721488E-001,1.723252E+001,1.059654E-005,2.171360E-001,7.797241E-003
148,4.080016E+003,4.507342E-001,4.803553E-001,0.000000E+000,1.719213E-001,1.723307E+001,1.056232E-005,2.170780E-001,7.797241E-003
149,4.080016E+003,4.503784E-001,4.806163E-001,0.000000E+000,1.716963E-001,1.724001E+001,1.048545E-005,2.170205E-001,7.797241E-003
150,4.080016E+003,4.500219E-001,4.808708E-001,0.000000E+000,1.714691E-001,1.723406E+001,1.056021E-005,2.169611E-001,7.797241E-003
151,4.080016E+003,4.496530E-001,4.811243E-001,0.000000E+000,1.712453E-001,1.723017E+001,1.063087E-005,2.169107E-001,7.797241E-003
152,4.080016E+003,4.492652E-001,4.813780E-001,0.000000E+000,1.710378E-001,1.722878E+001,1.064909E-005,2.168849E-001,7.797241E-003
153,4.080016E+003,4.488629E-001,4.816355E-001,0.000000E+000,1.708466E-001,1.723123E+001,1.058804E-005,2.168823E-001,7.797241E-003
154,4.080016E+003,4.484575E-001,4.818952E-001,0.000000E+000,1.706656E-001,1.722928E+001,1.052963E-005,2.168918E-001,7.797241E-003
155,4.080016E+003,4.480546E-001,4.821481E-001,0.000000E+000,1.704894E-001,1.723945E+001,1.039394E-005,2.169050E-001,7.797241E-003
156,4.080016E+003,4.476515E-001,4.823909E-001,0.000000E+000,1.703148E-001,1.724411E+001,1.028889E-005,2.169196E-001,7.797241E-003
157,4.080016E+003,4.472451E-001,4.826259E-001,0.000000E+000,1.701499E-001,1.723892E+001,1.032127E-005,2.169451E-001,7.797241E-003
158,4.080016E+003,4.468402E-001,4.828543E-001,0.000000E+000,1.700009E-001,1.724280E+001,1.026799E-005,2.169858E-001,7.797241E-003
159,4.080016E+003,4.464557E-001,4.830727E-001,0.000000E+000,1.698587E-001,1.723639E+001,1.026206E-005,2.170244E-001,7.797241E-003
160,4.080016E+003,4.461070E-001,4.832758E-001,0.000000E+000,1.697170E-001,1.723401E+001,1.023321E-005,2.170473E-001,7.797241E-003
161,4.080016E+003,4.457873E-001,4.834663E-001,0.000000E+000,1.695831E-001,1.724068E+001,1.017527E-005,2.170649E-001,7.797241E-003
162,4.080016E+003,4.454786E-001,4.836524E-001,0.000000E+000,1.694667E-001,1.723553E+001,1.026954E-005,2.170952E-001,7.797241E-003
163,4.080016E+003,4.451730E-001,4.838365E-001,0.000000E+000,1.693749E-001,1.724058E+001,1.025389E-005,2.171490E-001,7.797241E-003
164,4.080016E+003,4.448759E-001,4.840184E-001,0.000000E+000,1.693138E-001,1.724641E+001,1.014230E-005,2.172298E-001,7.797241E-003
165,4.080016E+003,4.445991E-001,4.842024E-001,0.000000E+000,1.692801E-001,1.724526E+001,1.010984E-005,2.173297E-001,7.797241E-003
166,4.080016E+003,4.443550E-001,4.843872E-001,0.000000E+000,1.692566E-001,1.723750E+001,1.017719E-005,2.174260E-001,7.797241E-003
167,4.080016E+003,4.441498E-001,4.845617E-001,0.000000E+000,1.692337E-001,1.723492E+001,1.014149E-005,2.175054E-001,7.797241E-003
168,4.080016E+003,4.439825E-001,4.847201E-001,0.000000E+000,1.692195E-001,1.725003E+001,1.002985E-005,2.175759E-001,7.797241E-003
169,4.080016E+003,4.438482E-001,4.848642E-001,0.000000E+000,1.692220E-001,1.724441E+001,1.008769E-005,2.176479E-001,7.797241E-003
170,4.080016E+003,4.437416E-001,4.849958E-001,0.000000E+000,1.692436E-001,1.725076E+001,1.007370E-005,2.177260E-001,7.797241E-003
171,4.080016E+003,4.436631E-001,4.851129E-001,0.000000E+000,1.692793E-001,1.724991E+001,1.010207E-005,2.178051E-001,7.797241E-003
172,4.080016E+003,4.436194E-001,4.852098E-001,0.000000E+000,1.693120E-001,1.725455E+001,1.000381E-005,2.178644E-001,7.797241E-003
173,4.080016E+003,4.436160E-001,4.852730E-001,0.000000E+000,1.693252E-001,1.724887E+001,9.968921E-006,2.178841E-001,7.797241E-003
174,4.080016E+003,4.436504E-001,4.852877E-001,0.000000E+000,1.693159E-001,1.725479E+001,9.863169E-006,2.178610E-001,7.797241E-003
175,4.080016E+003,4.437153E-001,4.852508E-001,0.000000E+000,1.692907E-001,1.723886E+001,1.002952E-005,2.178047E-001,7.797241E-003
176,4.080016E+003,4.438059E-001,4.851687E-001,0.000000E+000,1.692608E-001,1.724347E+001,1.002951E-005,2.177291E-001,7.797241E-003
177,4.080016E+003,4.439186E-001,4.850499E-001,0.000000E+000,1.692349E-001,1.724636E+001,1.002178E-005,2.176450E-001,7.797241E-003
178,4.080016E+003,4.440493E-001,4.849016E-001,0.000000E+000,1.692207E-001,1.724511E+001,1.000004E-005,2.175624E-001,7.797241E-003
179,4.080016E+003,4.441985E-001,4.847289E-001,0.000000E+000,1.692291E-001,1.724687E+001,9.939029E-006,2.174928E-001,7.797241E-003
180,4.080016E+003,4.443702E-001,4.845387E-001,0.000000E+000,1.692610E-001,1.725007E+001,9.882853E-006,2.174356E-001,7.797241E-003
181,4.080016E+003,4.445660E-001,4.843376E-001,0.000000E+000,1.693083E-001,1.724841E+001,9.856596E-006,2.173826E-001,7.797241E-003
182,4.080016E+003,4.447849E-001,4.841248E-001,0.000000E+000,1.693696E-001,1.725271E+001,9.749359E-006,2.173331E-001,7.797241E-003
183,4.080016E+003,4.450215E-001,4.839004E-001,0.000000E+000,1.694509E-001,1.726010E+001,9.693798E-006,2.172951E-001,7.797241E-003
184,4.080016E+003,4.452689E-001,4.836630E-001,0.000000E+000,1.695592E-001,1.725683E+001,9.738564E-006,2.172788E-001,7.797241E-003
185,4.080016E+003,4.455269E-001,4.834057E-001,0.000000E+000,1.696893E-001,1.726442E+001,9.703518E-006,2.172783E-001,7.797241E-003
186,4.080016E+003,4.458032E-001,4.831298E-001,0.000000E+000,1.698161E-001,1.725671E+001,9.743599E-006,2.172657E-001,7.797241E-003
187,4.080016E+003,4.461089E-001,4.828454E-001,0.000000E+000,1.699176E-001,1.726029E+001,9.646531E-006,2.172147E-001,7.797241E-003
188,4.080016E+003,4.464470E-001,4.825651E-001,0.000000E+000,1.699902E-001,1.727014E+001,9.556778E-006,2.171217E-001,7.797241E-003
189,4.080016E+003,4.468073E-001,4.822997E-001,0.000000E+000,1.700387E-001,1.727105E+001,9.493676E-006,2.169965E-001,7.797241E-003
190,4.080016E+003,4.471841E-001,4.820427E-001,0.000000E+000,1.700643E-001,1.727075E+001,9.447663E-006,2.168425E-001,7.797241E-003
191,4.080016E+003,4.475797E-001,4.817766E-001,0.000000E+000,1.700677E-001,1.726791E+001,9.471107E-006,2.166580E-001,7.797241E-003
192,4.080016E+003,4.479920E-001,4.814950E-001,0.000000E+000,1.700587E-001,1.726703E+001,9.467984E-006,2.164533E-001,7.797241E-003
193,4.080016E+003,4.484201E-001,4.812040E-001,0.000000E+000,1.700543E-001,1.726886E+001,9.447427E-006,2.162464E-001,7.797241E-003
194,4.080016E+003,4.488680E-001,4.809105E-001,0.000000E+000,1.700605E-001,1.727410E+001,9.399267E-006,2.160421E-001,7.797241E-003
195,4.080016E+003,4.493345E-001,4.806137E-001,0.000000E+000,1.700708E-001,1.726082E+001,9.509089E-006,2.158343E-001,7.797241E-003
196,4.080016E+003,4.498119E-001,4.803110E-001,0.000000E+000,1.700770E-001,1.727233E+001,9.338422E-006,2.156182E-001,7.797241E-003
197,4.080016E+003,4.502892E-001,4.800102E-001,0.000000E+000,1.700640E-001,1.728468E+001,9.218843E-006,2.153836E-001,7.797241E-003
198,4.080016E+003,4.507529E-001,4.797212E-001,0.000000E+000,1.700161E-001,1.727939E+001,9.302955E-006,2.151211E-001,7.797241E-003
199,4.080016E+003,4.511944E-001,4.794433E-001,0.000000E+000,1.699354E-001,1.727941E+001,9.308559E-006,2.148365E-001,7.797241E-003
200,4.080016E+003,4.516158E-001,4.791755E-001,0.000000E+000,1.698345E-001,1.729018E+001,9.228286E-006,2.145414E-001,7.797241E-003
201,4.080016E+003,4.520241E-001,4.789182E-001,0.000000E+000,1.697277E-001,1.728303E+001,9.320907E-006,2.142471E-001,7.797241E-003
202,4.080016E+003,4.524290E-001,4.786704E-001,0.000000E+000,1.696277E-001,1.728760E+001,9.224072E-006,2.139620E-001,7.797241E-003
203,4.080016E+003,4.528356E-001,4.784360E-001,0.000000E+000,1.695319E-001,1.727008E+001,9.349833E-006,2.136818E-001,7.797241E-003
204,4.080016E+003,4.532387E-001,4.782119E-001,0.000000E+000,1.694313E-001,1.728253E+001,9.243586E-006,2.133994E-001,7.797241E-003
205,4.080016E+003,4.536304E-001,4.779810E-001,0.000000E+000,1.693202E-001,1.728348E+001,9.264623E-006,2.131111E-001,7.797241E-003
206,4.080016E+003,4.540101E-001,4.777321E-001,0.000000E+000,1.691962E-001,1.727998E+001,9.331835E-006,2.128141E-001,7.797241E-003
207,4.080016E+003,4.543821E-001,4.774676E-001,0.000000E+000,1.690642E-001,1.728400E+001,9.315809E-006,2.125117E-001,7.797241E-003
208,4.080016E+003,4.547505E-001,4.771907E-001,0.000000E+000,1.689303E-001,1.728815E+001,9.174103E-006,2.122086E-001,7.797241E-003
209,4.080016E+003,4.551155E-001,4.768999E-001,0.000000E+000,1.687939E-001,1.728638E+001,9.111128E-006,2.119039E-001,7.797241E-003
210,4.080016E+003,4.554744E-001,4.765962E-001,0.000000E+000,1.686511E-001,1.727768E+001,9.213166E-006,2.115948E-001,7.797241E-003
211,4.080016E+003,4.558239E-001,4.762874E-001,0.000000E+000,1.684984E-001,1.728039E+001,9.218003E-006,2.112799E-001,7.797241E-003
212,4.080016E+003,4.561658E-001,4.759789E-001,0.000000E+000,1.683413E-001,1.728321E+001,9.161574E-006,2.109642E-001,7.797241E-003
213,4.080016E+003,4.565062E-001,4.756703E-001,0.000000E+000,1.681942E-001,1.728474E+001,9.107077E-006,2.106595E-001,7.797241E-003
214,4.080016E+003,4.568505E-001,4.753630E-001,0.000000E+000,1.680660E-001,1.728898E+001,9.077017E-006,2.103726E-001,7.797241E-003
215,4.080016E+003,4.571987E-001,4.750612E-001,0.000000E+000,1.679547E-001,1.728012E+001,9.167897E-006,2.101017E-001,7.797241E-003
216,4.080016E+003,4.575465E-001,4.747668E-001,0.000000E+000,1.678507E-001,1.728672E+001,9.046729E-006,2.098391E-001,7.797241E-003
217,4.080016E+003,4.578921E-001,4.744827E-001,0.000000E+000,1.677441E-001,1.728071E+001,9.079301E-006,2.095760E-001,7.797241E-003
218,4.080016E+003,4.582333E-001,4.742127E-001,0.000000E+000,1.676324E-001,1.728761E+001,9.026773E-006,2.093106E-001,7.797241E-003
219,4.080016E+003,4.585659E-001,4.739550E-001,0.000000E+000,1.675160E-001,1.729001E+001,9.018271E-006,2.090452E-001,7.797241E-003
220,4.080016E+003,4.588923E-001,4.737034E-001,0.000000E+000,1.673983E-001,1.729663E+001,9.000515E-006,2.087815E-001,7.797241E-003
221,4.080016E+003,4.592166E-001,4.734592E-001,0.000000E+000,1.672866E-001,1.727780E+001,9.160540E-006,2.085255E-001,7.797241E-003
222,4.080016E+003,4.595362E-001,4.732250E-001,0.000000E+000,1.671851E-001,1.728570E+001,9.030544E-006,2.082825E-001,7.797241E-003
223,4.080016E+003,4.598479E-001,4.729964E-001,0.000000E+000,1.670967E-001,1.729043E+001,8.987121E-006,2.080564E-001,7.797241E-003
224,4.080016E+003,4.601512E-001,4.727696E-001,0.000000E+000,1.670249E-001,1.728159E+001,9.049273E-006,2.078507E-001,7.797241E-003
225,4.080016E+003,4.604483E-001,4.725464E-001,0.000000E+000,1.669690E-001,1.729493E+001,8.935185E-006,2.076637E-001,7.797241E-003
226,4.080016E+003,4.607414E-001,4.723237E-001,0.000000E+000,1.669296E-001,1.729150E+001,8.974820E-006,2.074952E-001,7.797241E-003
227,4.080016E+003,4.610324E-001,4.720942E-001,0.000000E+000,1.669164E-001,1.728622E+001,8.986337E-006,2.073537E-001,7.797241E-003
228,4.080016E+003,4.613306E-001,4.718611E-001,0.000000E+000,1.669370E-001,1.729039E+001,8.983728E-006,2.072431E-001,7.797241E-003
229,4.080016E+003,4.616458E-001,4.716318E-001,0.000000E+000,1.669842E-001,1.729928E+001,8.876568E-006,2.071528E-001,7.797241E-003
230,4.080016E+003,4.619769E-001,4.714093E-001,0.000000E+000,1.670386E-001,1.729508E+001,8.945444E-006,2.070642E-001,7.797241E-003
231,4.080016E+003,4.623142E-001,4.711956E-001,0.000000E+000,1.670864E-001,1.730292E+001,8.881728E-006,2.069672E-001,7.797241E-003
232,4.080016E+003,4.626426E-001,4.709932E-001,0.000000E+000,1.671284E-001,1.730271E+001,8.881916E-006,2.068689E-001,7.797241E-003
233,4.080016E+003,4.629500E-001,4.708087E-001,0.000000E+000,1.671604E-001,1.729343E+001,8.943698E-006,2.067701E-001,7.797241E-003
234,4.080016E+003,4.632319E-001,4.706424E-001,0.000000E+000,1.671768E-001,1.729685E+001,8.931925E-006,2.066669E-001,7.797241E-003
235,4.080016E+003,4.634852E-001,4.704889E-001,0.000000E+000,1.671818E-001,1.729429E+001,8.943448E-006,2.065643E-001,7.797241E-003
236,4.080016E+003,4.637133E-001,4.703523E-001,0.000000E+000,1.671642E-001,1.730698E+001,8.757503E-006,2.064502E-001,7.797241E-003
237,4.080016E+003,4.639222E-001,4.702301E-001,0.000000E+000,1.671137E-001,1.731092E+001,8.747369E-006,2.063116E-001,7.797241E-003
238,4.080016E+003,4.641072E-001,4.701119E-001,0.000000E+000,1.670506E-001,1.730759E+001,8.756884E-006,2.061700E-001,7.797241E-003
239,4.080016E+003,4.642660E-001,4.699971E-001,0.000000E+000,1.669905E-001,1.730299E+001,8.788928E-006,2.060419E-001,7.797241E-003
240,4.080016E+003,4.644057E-001,4.698865E-001,0.000000E+000,1.669264E-001,1.730260E+001,8.779159E-006,2.059176E-001,7.797241E-003
241,4.080016E+003,4.645280E-001,4.697767E-001,0.000000E+000,1.668581E-001,1.729802E+001,8.786608E-006,2.057961E-001,7.797241E-003
242,4.080016E+003,4.646352E-001,4.696671E-001,0.000000E+000,1.668021E-001,1.730399E+001,8.792096E-006,2.056927E-001,7.797241E-003
243,4.080016E+003,4.647372E-001,4.695600E-001,0.000000E+000,1.667726E-001,1.730921E+001,8.758779E-006,2.056181E-001,7.797241E-003
244,4.080016E+003,4.648415E-001,4.694592E-001,0.000000E+000,1.667710E-001,1.729968E+001,8.783572E-006,2.055709E-001,7.797241E-003
245,4.080016E+003,4.649509E-001,4.693738E-001,0.000000E+000,1.667908E-001,1.729975E+001,8.774499E-006,2.055438E-001,7.797241E-003
246,4.080016E+003,4.650631E-001,4.693227E-001,0.000000E+000,1.668205E-001,1.730477E+001,8.757356E-006,2.055273E-001,7.797241E-003
247,4.080016E+003,4.651676E-001,4.693206E-001,0.000000E+000,1.668446E-001,1.730755E+001,8.738081E-006,2.055105E-001,7.797241E-003
248,4.080016E+003,4.652542E-001,4.693694E-001,0.000000E+000,1.668480E-001,1.730277E+001,8.746106E-006,2.054824E-001,7.797241E-003
249,4.080016E+003,4.653192E-001,4.694652E-001,0.000000E+000,1.668292E-001,1.730233E+001,8.751834E-006,2.054428E-001,7.797241E-003
250,4.080016E+003,4.653631E-001,4.695997E-001,0.000000E+000,1.668082E-001,1.730233E+001,8.720992E-006,2.054112E-001,7.797241E-003
251,4.080016E+003,4.653913E-001,4.697636E-001,0.000000E+000,1.668058E-001,1.731045E+001,8.648157E-006,2.054058E-001,7.797241E-003
252,4.080016E+003,4.654129E-001,4.699467E-001,0.000000E+000,1.668275E-001,1.730841E+001,8.648298E-006,2.054279E-001,7.797241E-003
253,4.080016E+003,4.654263E-001,4.701385E-001,0.000000E+000,1.668688E-001,1.731302E+001,8.584179E-006,2.054735E-001,7.797241E-003
254,4.080016E+003,4.654185E-001,4.703344E-001,0.000000E+000,1.669207E-001,1.731173E+001,8.611441E-006,2.055381E-001,7.797241E-003
255,4.080016E+003,4.653825E-001,4.705321E-001,0.000000E+000,1.669735E-001,1.730984E+001,8.606547E-006,2.056148E-001,7.797241E-003
256,4.080016E+003,4.653213E-001,4.707266E-001,0.000000E+000,1.670200E-001,1.730241E+001,8.680564E-006,2.056950E-001,7.797241E-003
257,4.080016E+003,4.652351E-001,4.709182E-001,0.000000E+000,1.670566E-001,1.730598E+001,8.653679E-006,2.057749E-001,7.797241E-003
258,4.080016E+003,4.651213E-001,4.711147E-001,0.000000E+000,1.670852E-001,1.729912E+001,8.732467E-006,2.058580E-001,7.797241E-003
259,4.080016E+003,4.649815E-001,4.713263E-001,0.000000E+000,1.671006E-001,1.730118E+001,8.710755E-006,2.059389E-001,7.797241E-003
260,4.080016E+003,4.648181E-001,4.715544E-001,0.000000E+000,1.670911E-001,1.730422E+001,8.712791E-006,2.060051E-001,7.797241E-003
261,4.080016E+003,4.646334E-001,4.717878E-001,0.000000E+000,1.670585E-001,1.730852E+001,8.650471E-006,2.060570E-001,7.797241E-003
262,4.080016E+003,4.644334E-001,4.720125E-001,0.000000E+000,1.670123E-001,1.730821E+001,8.633220E-006,2.061010E-001,7.797241E-003
263,4.080016E+003,4.642221E-001,4.722230E-001,0.000000E+000,1.669594E-001,1.731083E+001,8.616715E-006,2.061422E-001,7.797241E-003
264,4.080016E+003,4.639985E-001,4.724262E-001,0.000000E+000,1.669077E-001,1.731759E+001,8.500339E-006,2.061891E-001,7.797241E-003
265,4.080016E+003,4.637637E-001,4.726310E-001,0.000000E+000,1.668583E-001,1.732268E+001,8.447319E-006,2.062431E-001,7.797241E-003
266,4.080016E+003,4.635187E-001,4.728423E-001,0.000000E+000,1.668040E-001,1.732377E+001,8.427298E-006,2.062967E-001,7.797241E-003
267,4.080016E+003,4.632654E-001,4.730628E-001,0.000000E+000,1.667411E-001,1.733280E+001,8.355550E-006,2.063457E-001,7.797241E-003
268,4.080016E+003,4.630142E-001,4.732859E-001,0.000000E+000,1.666724E-001,1.732288E+001,8.493895E-006,2.063884E-001,7.797241E-003
269,4.080016E+003,4.627776E-001,4.735015E-001,0.000000E+000,1.665992E-001,1.730471E+001,8.627720E-006,2.064206E-001,7.797241E-003
270,4.080016E+003,4.625602E-001,4.737068E-001,0.000000E+000,1.665227E-001,1.730805E+001,8.588773E-006,2.064417E-001,7.797241E-003
271,4.080016E+003,4.623602E-001,4.739023E-001,0.000000E+000,1.664478E-001,1.731195E+001,8.548189E-006,2.064571E-001,7.797241E-003
272,4.080016E+003,4.621710E-001,4.740898E-001,0.000000E+000,1.663800E-001,1.731103E+001,8.604333E-006,2.064749E-001,7.797241E-003
273,4.080016E+003,4.619820E-001,4.742758E-001,0.000000E+000,1.663203E-001,1.731496E+001,8.589621E-006,2.065009E-001,7.797241E-003
274,4.080016E+003,4.617908E-001,4.744674E-001,0.000000E+000,1.662574E-001,1.730032E+001,8.729322E-006,2.065249E-001,7.797241E-003
275,4.080016E+003,4.616068E-001,4.746627E-001,0.000000E+000,1.661818E-001,1.730606E+001,8.671503E-006,2.065338E-001,7.797241E-003
276,4.080016E+003,4.614345E-001,4.748622E-001,0.000000E+000,1.661032E-001,1.730391E+001,8.685285E-006,2.065353E-001,7.797241E-003
277,4.080016E+003,4.612657E-001,4.750731E-001,0.000000E+000,1.660315E-001,1.731530E+001,8.585007E-006,2.065433E-001,7.797241E-003
278,4.080016E+003,4.610936E-001,4.752940E-001,0.000000E+000,1.659662E-001,1.731792E+001,8.510342E-006,2.065597E-001,7.797241E-003
279,4.080016E+003,4.609200E-001,4.755189E-001,0.000000E+000,1.658965E-001,1.731378E+001,8.506247E-006,2.065726E-001,7.797241E-003
280,4.080016E+003,4.607545E-001,4.757482E-001,0.000000E+000,1.658115E-001,1.731731E+001,8.494781E-006,2.065676E-001,7.797241E-003
281,4.080016E+003,4.606061E-001,4.759830E-001,0.000000E+000,1.657219E-001,1.732173E+001,8.475744E-006,2.065515E-001,7.797241E-003
282,4.080016E+003,4.604741E-001,4.762263E-001,0.000000E+000,1.656430E-001,1.731691E+001,8.485573E-006,2.065402E-001,7.797241E-003
283,4.080016E+003,4.603504E-001,4.764805E-001,0.000000E+000,1.655730E-001,1.731168E+001,8.521583E-006,2.065354E-001,7.797241E-003
284,4.080016E+003,4.602239E-001,4.767405E-001,0.000000E+000,1.655119E-001,1.731865E+001,8.441578E-006,2.065411E-001,7.797241E-003
285,4.080016E+003,4.600884E-001,4.769998E-001,0.000000E+000,1.654621E-001,1.732900E+001,8.376782E-006,2.065619E-001,7.797241E-003
286,4.080016E+003,4.599454E-001,4.772552E-001,0.000000E+000,1.654129E-001,1.731644E+001,8.560019E-006,2.065861E-001,7.797241E-003
287,4.080016E+003,4.597937E-001,4.775024E-001,0.000000E+000,1.653536E-001,1.731700E+001,8.564528E-006,2.066033E-001,7.797241E-003
288,4.080016E+003,4.596350E-001,4.777398E-001,0.000000E+000,1.652856E-001,1.732028E+001,8.485910E-006,2.066144E-001,7.797241E-003
289,4.080016E+003,4.594804E-001,4.779740E-001,0.000000E+000,1.652196E-001,1.731618E+001,8.519987E-006,2.066257E-001,7.797241E-003
290,4.080016E+003,4.593346E-001,4.782090E-001,0.000000E+000,1.651680E-001,1.731285E+001,8.530150E-006,2.066479E-001,7.797241E-003
291,4.080016E+003,4.591950E-001,4.784407E-001,0.000000E+000,1.651339E-001,1.731080E+001,8.512246E-006,2.066852E-001,7.797241E-003
292,4.080016E+003,4.590610E-001,4.786634E-001,0.000000E+000,1.651123E-001,1.731608E+001,8.474952E-006,2.067322E-001,7.797241E-003
293,4.080016E+003,4.589281E-001,4.788754E-001,0.000000E+000,1.650948E-001,1.732301E+001,8.408706E-006,2.067824E-001,7.797241E-003
294,4.080016E+003,4.587861E-001,4.790797E-001,0.000000E+000,1.650767E-001,1.732320E+001,8.376627E-006,2.068353E-001,7.797241E-003
295,4.080016E+003,4.586240E-001,4.792784E-001,0.000000E+000,1.650567E-001,1.731893E+001,8.438756E-006,2.068940E-001,7.797241E-003
296,4.080016E+003,4.584428E-001,4.794677E-001,0.000000E+000,1.650346E-001,1.731157E+001,8.527476E-006,2.069579E-001,7.797241E-003
297,4.080016E+003,4.582544E-001,4.796471E-001,0.000000E+000,1.650181E-001,1.731009E+001,8.520766E-006,2.070298E-001,7.797241E-003
298,4.080016E+003,4.580640E-001,4.798195E-001,0.000000E+000,1.650080E-001,1.731481E+001,8.476649E-006,2.071084E-001,7.797241E-003
299,4.080016E+003,4.578737E-001,4.799814E-001,0.000000E+000,1.649941E-001,1.730979E+001,8.576684E-006,2.071827E-001,7.797241E-003
