t,cx,cy
0,-1.061885E+000,6.206038E-001
1,-1.067075E+000,6.154181E-001
2,-1.072815E+000,6.096793E-001
3,-1.078661E+000,6.038335E-001
4,-1.084565E+000,5.979280E-001
5,-1.090475E+000,5.920140E-001
6,-1.096392E+000,5.860921E-001
7,-1.102305E+000,5.801722E-001
8,-1.108216E+000,5.742527E-001
9,-1.114122E+000,5.683359E-001
10,-1.120024E+000,5.624204E-001
11,-1.125918E+000,5.565070E-001
12,-1.131797E+000,5.505947E-001
13,-1.137643E+000,5.446838E-001
14,-1.143428E+000,5.387737E-001
15,-1.149100E+000,5.328646E-001
16,-1.154550E+000,5.269559E-001
17,-1.159537E+000,5.210478E-001
18,-1.163623E+000,5.151400E-001
19,-1.166211E+000,5.092325E-001
20,-1.166807E+000,5.033251E-001
21,-1.165354E+000,4.974179E-001
22,-1.162288E+000,4.915106E-001
23,-1.158111E+000,4.856030E-001
24,-1.152935E+000,4.796936E-001
25,-1.146608E+000,4.737782E-001
26,-1.139193E+000,4.678415E-001
27,-1.130969E+000,4.618464E-001
28,-1.122017E+000,4.557047E-001
29,-1.112255E+000,4.492412E-001
30,-1.101784E+000,4.421850E-001
31,-1.090752E+000,4.341975E-001
32,-1.079132E+000,4.249850E-001
33,-1.066932E+000,4.144634E-001
34,-1.054270E+000,4.028068E-001
35,-1.041152E+000,3.903161E-001
36,-1.027572E+000,3.771804E-001
37,-1.013613E+000,3.633614E-001
38,-9.992829E-001,3.487699E-001
39,-9.845696E-001,3.334991E-001
40,-9.695500E-001,3.178059E-001
41,-9.542319E-001,3.018941E-001
42,-9.385935E-001,2.858884E-001
43,-9.226877E-001,2.700276E-001
44,-9.065321E-001,2.546359E-001
45,-8.901265E-001,2.398471E-001
46,-8.734991E-001,2.255332E-001
47,-8.566505E-001,2.115263E-001
48,-8.395966E-001,1.977371E-001
49,-8.223639E-001,1.841239E-001
50,-8.049753E-001,1.707430E-001
51,-7.874982E-001,1.577118E-001
52,-7.700150E-001,1.449924E-001
53,-7.526462E-001,1.324285E-001
54,-7.355678E-001,1.200170E-001
55,-7.189473E-001,1.078634E-001
56,-7.029390E-001,9.595175E-002
57,-6.876143E-001,8.419099E-002
58,-6.729151E-001,7.257470E-002
59,-6.587236E-001,6.115792E-002
60,-6.449094E-001,4.996370E-002
61,-6.314297E-001,3.892221E-002
62,-6.183514E-001,2.795606E-002
63,-6.057413E-001,1.713038E-002
64,-5.935979E-001,6.519588E-003
65,-5.818291E-001,-3.955604E-003
66,-5.703543E-001,-1.434658E-002
67,-5.591974E-001,-2.459803E-002
68,-5.484070E-001,-3.471573E-002
69,-5.379609E-001,-4.469285E-002
70,-5.277619E-001,-5.443088E-002
71,-5.177520E-001,-6.392482E-002
72,-5.079487E-001,-7.326614E-002
73,-4.983215E-001,-8.245003E-002
74,-4.887639E-001,-9.137879E-002
75,-4.791992E-001,-9.997182E-002
76,-4.696596E-001,-1.081855E-001
77,-4.602205E-001,-1.160202E-001
78,-4.509037E-001,-1.235610E-001
79,-4.417052E-001,-1.309156E-001
80,-4.326116E-001,-1.380884E-001
81,-4.235727E-001,-1.450400E-001
82,-4.145442E-001,-1.517778E-001
83,-4.055605E-001,-1.583070E-001
84,-3.966861E-001,-1.646365E-001
85,-3.879086E-001,-1.707841E-001
86,-3.792140E-001,-1.767378E-001
87,-3.707030E-001,-1.824951E-001
88,-3.625175E-001,-1.880499E-001
89,-3.547077E-001,-1.934032E-001
90,-3.472345E-001,-1.986194E-001
91,-3.400701E-001,-2.037113E-001
92,-3.332360E-001,-2.086079E-001
93,-3.268275E-001,-2.132757E-001
94,-3.209911E-001,-2.177282E-001
95,-3.157591E-001,-2.220158E-001
96,-3.110067E-001,-2.261794E-001
97,-3.066402E-001,-2.301566E-001
98,-3.026906E-001,-2.338726E-001
99,-2.992127E-001,-2.373603E-001
100,-2.962284E-001,-2.406761E-001
101,-2.937175E-001,-2.438018E-001
102,-2.916098E-001,-2.466565E-001
103,-2.898402E-001,-2.490650E-001
104,-2.883876E-001,-2.507945E-001
105,-2.872459E-001,-2.517789E-001
106,-2.864075E-001,-2.521471E-001
107,-2.858860E-001,-2.520314E-001
108,-2.856914E-001,-2.515061E-001
109,-2.857945E-001,-2.506092E-001
110,-2.861530E-001,-2.494066E-001
111,-2.867452E-001,-2.480180E-001
112,-2.875940E-001,-2.465043E-001
113,-2.887240E-001,-2.448245E-001
114,-2.901203E-001,-2.428980E-001
115,-2.918194E-001,-2.407398E-001
116,-2.939146E-001,-2.385200E-001
117,-2.964162E-001,-2.363561E-001
118,-2.992451E-001,-2.342090E-001
119,-3.023478E-001,-2.320145E-001
120,-3.057172E-001,-2.297430E-001
121,-3.093459E-001,-2.274078E-001
122,-3.131913E-001,-2.250425E-001
123,-3.171597E-001,-2.226396E-001
124,-3.211755E-001,-2.201708E-001
125,-3.252370E-001,-2.176550E-001
126,-3.293455E-001,-2.151646E-001
127,-3.334314E-001,-2.127482E-001
128,-3.373764E-001,-2.103668E-001
129,-3.410891E-001,-2.079472E-001
130,-3.445738E-001,-2.054785E-001
131,-3.479092E-001,-2.029974E-001
132,-3.511798E-001,-2.004857E-001
133,-3.544318E-001,-1.978746E-001
134,-3.576365E-001,-1.951508E-001
135,-3.607300E-001,-1.923453E-001
136,-3.636727E-001,-1.894687E-001
137,-3.664343E-001,-1.865427E-001
138,-3.690116E-001,-1.836021E-001
139,-3.714676E-001,-1.806717E-001
140,-3.738754E-001,-1.777864E-001
141,-3.762341E-001,-1.749686E-001
142,-3.785237E-001,-1.721997E-001
143,-3.808225E-001,-1.694550E-001
144,-3.832388E-001,-1.667519E-001
145,-3.857823E-001,-1.641493E-001
146,-3.884470E-001,-1.616858E-001
147,-3.912533E-001,-1.593575E-001
148,-3.941265E-001,-1.571577E-001
149,-3.969731E-001,-1.550695E-001
150,-3.998250E-001,-1.530334E-001
151,-4.027762E-001,-1.510056E-001
152,-4.058785E-001,-1.489760E-001
153,-4.090967E-001,-1.469161E-001
154,-4.123398E-001,-1.448386E-001
155,-4.155634E-001,-1.428150E-001
156,-4.187881E-001,-1.408730E-001
157,-4.220396E-001,-1.389926E-001
158,-4.252781E-001,-1.371653E-001
159,-4.283548E-001,-1.354187E-001
160,-4.311442E-001,-1.337933E-001
161,-4.337016E-001,-1.322693E-001
162,-4.361710E-001,-1.307811E-001
163,-4.386158E-001,-1.293084E-001
164,-4.409930E-001,-1.278528E-001
165,-4.432070E-001,-1.263806E-001
166,-4.451603E-001,-1.249028E-001
167,-4.468016E-001,-1.235060E-001
168,-4.481396E-001,-1.222394E-001
169,-4.492146E-001,-1.210861E-001
170,-4.500670E-001,-1.200337E-001
171,-4.506954E-001,-1.190966E-001
172,-4.510451E-001,-1.183212E-001
173,-4.510721E-001,-1.178162E-001
174,-4.507971E-001,-1.176984E-001
175,-4.502775E-001,-1.179936E-001
176,-4.495527E-001,-1.186502E-001
177,-4.486509E-001,-1.196008E-001
178,-4.476052E-001,-1.207870E-001
179,-4.464117E-001,-1.221689E-001
180,-4.450382E-001,-1.236902E-001
181,-4.434719E-001,-1.252994E-001
182,-4.417209E-001,-1.270018E-001
183,-4.398279E-001,-1.287969E-001
184,-4.378488E-001,-1.306958E-001
185,-4.357850E-001,-1.327542E-001
186,-4.335745E-001,-1.349614E-001
187,-4.311285E-001,-1.372370E-001
188,-4.284240E-001,-1.394791E-001
189,-4.255412E-001,-1.416024E-001
190,-4.225270E-001,-1.436586E-001
191,-4.193625E-001,-1.457870E-001
192,-4.160636E-001,-1.480397E-001
193,-4.126392E-001,-1.503677E-001
194,-4.090560E-001,-1.527161E-001
195,-4.053239E-001,-1.550901E-001
196,-4.015051E-001,-1.575118E-001
197,-3.976864E-001,-1.599182E-001
198,-3.939771E-001,-1.622305E-001
199,-3.904446E-001,-1.644536E-001
200,-3.870740E-001,-1.665961E-001
201,-3.838068E-001,-1.686547E-001
202,-3.805680E-001,-1.706368E-001
203,-3.773150E-001,-1.725121E-001
204,-3.740901E-001,-1.743050E-001
205,-3.709565E-001,-1.761517E-001
206,-3.679193E-001,-1.781428E-001
207,-3.649428E-001,-1.802593E-001
208,-3.619961E-001,-1.824746E-001
209,-3.590757E-001,-1.848009E-001
210,-3.562047E-001,-1.872306E-001
211,-3.534085E-001,-1.897010E-001
212,-3.506737E-001,-1.921685E-001
213,-3.479500E-001,-1.946376E-001
214,-3.451959E-001,-1.970956E-001
215,-3.424105E-001,-1.995106E-001
216,-3.396277E-001,-2.018653E-001
217,-3.368635E-001,-2.041383E-001
218,-3.341336E-001,-2.062981E-001
219,-3.314727E-001,-2.083602E-001
220,-3.288616E-001,-2.103728E-001
221,-3.262673E-001,-2.123268E-001
222,-3.237103E-001,-2.142002E-001
223,-3.212164E-001,-2.160291E-001
224,-3.187908E-001,-2.178433E-001
225,-3.164138E-001,-2.196285E-001
226,-3.140684E-001,-2.214101E-001
227,-3.117407E-001,-2.232466E-001
228,-3.093551E-001,-2.251113E-001
229,-3.068335E-001,-2.269453E-001
230,-3.041845E-001,-2.287259E-001
231,-3.014862E-001,-2.304355E-001
232,-2.988595E-001,-2.320541E-001
233,-2.964003E-001,-2.335301E-001
234,-2.941450E-001,-2.348608E-001
235,-2.921184E-001,-2.360890E-001
236,-2.902940E-001,-2.371816E-001
237,-2.886227E-001,-2.381591E-001
238,-2.871424E-001,-2.391047E-001
239,-2.858721E-001,-2.400229E-001
240,-2.847547E-001,-2.409083E-001
241,-2.837757E-001,-2.417861E-001
242,-2.829181E-001,-2.426629E-001
243,-2.821023E-001,-2.435197E-001
244,-2.812679E-001,-2.443267E-001
245,-2.803925E-001,-2.450099E-001
246,-2.794950E-001,-2.454182E-001
247,-2.786591E-001,-2.454351E-001
248,-2.779664E-001,-2.450447E-001
249,-2.774460E-001,-2.442788E-001
250,-2.770956E-001,-2.432021E-001
251,-2.768694E-001,-2.418911E-001
252,-2.766970E-001,-2.404260E-001
253,-2.765896E-001,-2.388919E-001
254,-2.766516E-001,-2.373244E-001
255,-2.769396E-001,-2.357431E-001
256,-2.774293E-001,-2.341875E-001
257,-2.781190E-001,-2.326545E-001
258,-2.790297E-001,-2.310822E-001
259,-2.801480E-001,-2.293897E-001
260,-2.814555E-001,-2.275649E-001
261,-2.829332E-001,-2.256979E-001
262,-2.845326E-001,-2.238997E-001
263,-2.862232E-001,-2.222162E-001
264,-2.880116E-001,-2.205907E-001
265,-2.898906E-001,-2.189522E-001
266,-2.918507E-001,-2.172619E-001
267,-2.938769E-001,-2.154974E-001
268,-2.958865E-001,-2.137125E-001
269,-2.977789E-001,-2.119879E-001
270,-2.995184E-001,-2.103458E-001
271,-3.011181E-001,-2.087813E-001
272,-3.026322E-001,-2.072819E-001
273,-3.041439E-001,-2.057938E-001
274,-3.056737E-001,-2.042611E-001
275,-3.071458E-001,-2.026987E-001
276,-3.085240E-001,-2.011026E-001
277,-3.098741E-001,-1.994151E-001
278,-3.112516E-001,-1.976482E-001
279,-3.126402E-001,-1.958487E-001
280,-3.139641E-001,-1.940146E-001
281,-3.151510E-001,-1.921359E-001
282,-3.162071E-001,-1.901899E-001
283,-3.171970E-001,-1.881561E-001
284,-3.182085E-001,-1.860759E-001
285,-3.192929E-001,-1.840019E-001
286,-3.204369E-001,-1.819581E-001
287,-3.216501E-001,-1.799810E-001
288,-3.229201E-001,-1.780820E-001
289,-3.241567E-001,-1.762079E-001
290,-3.253231E-001,-1.743277E-001
291,-3.264401E-001,-1.724745E-001
292,-3.275122E-001,-1.706927E-001
293,-3.285752E-001,-1.689969E-001
294,-3.297115E-001,-1.673623E-001
295,-3.310081E-001,-1.657732E-001
296,-3.324580E-001,-1.642585E-001
297,-3.339647E-001,-1.628228E-001
298,-3.354883E-001,-1.614440E-001
299,-3.370103E-001,-1.601488E-001
