t,norm_before,norm_after,unitarity_defect,energy,energy_delta,energy_err
0,1.000000E+000,1.000000E+000,-4.884981E-014,7.254007E+002,4.547474E-012,4.547474E-012
1,1.000000E+000,1.000000E+000,-8.659740E-015,7.254007E+002,-4.160938E-011,4.160938E-011
2,1.000000E+000,1.000000E+000,-1.043610E-014,7.254007E+002,-4.956746E-011,4.956746E-011
3,1.000000E+000,1.000000E+000,-1.332268E-014,7.254007E+002,-5.468337E-011,5.468337E-011
4,1.000000E+000,1.000000E+000,1.199041E-014,7.254007E+002,-5.672973E-011,5.672973E-011
5,1.000000E+000,1.000000E+000,-1.110223E-014,7.254007E+002,-6.275513E-011,6.275513E-011
6,1.000000E+000,1.000000E+000,-2.153833E-014,7.254007E+002,-6.093615E-011,6.093615E-011
7,1.000000E+000,1.000000E+000,-1.398881E-014,7.254007E+002,-6.707523E-011,6.707523E-011
8,1.000000E+000,1.000000E+000,0.000000E+000,7.254007E+002,-5.763923E-011,5.763923E-011
9,1.000000E+000,1.000000E+000,-8.881784E-015,7.254007E+002,-5.991296E-011,5.991296E-011
10,1.000000E+000,1.000000E+000,1.332268E-014,7.254007E+002,-6.161827E-011,6.161827E-011
11,1.000000E+000,1.000000E+000,-8.437695E-015,7.254007E+002,-6.718892E-011,6.718892E-011
12,1.000000E+000,1.000000E+000,-1.532108E-014,7.254007E+002,-6.605205E-011,6.605205E-011
13,1.000000E+000,1.000000E+000,4.685141E-014,7.254007E+002,-7.696599E-011,7.696599E-011
14,1.000000E+000,1.000000E+000,5.551115E-015,7.254007E+002,-6.548362E-011,6.548362E-011
15,1.000000E+000,1.000000E+000,1.465494E-014,7.254007E+002,-5.650236E-011,5.650236E-011
16,1.000000E+000,1.000000E+000,-1.354472E-014,7.254007E+002,-5.013590E-011,5.013590E-011
17,1.000000E+000,1.000000E+000,2.975398E-014,7.254007E+002,-3.774403E-011,3.774403E-011
18,1.000000E+000,1.000000E+000,6.439294E-015,7.254007E+002,-3.558398E-011,3.558398E-011
19,1.000000E+000,1.000000E+000,3.375078E-014,7.254007E+002,-2.535216E-011,2.535216E-011
20,1.000000E+000,1.000000E+000,-1.221245E-014,7.254007E+002,-3.251444E-011,3.251444E-011
21,1.000000E+000,1.000000E+000,9.325873E-015,7.254007E+002,-2.091838E-011,2.091838E-011
22,1.000000E+000,1.000000E+000,9.103829E-015,7.254007E+002,-3.012701E-011,3.012701E-011
23,1.000000E+000,1.000000E+000,-6.661338E-016,7.254007E+002,-1.625722E-011,1.625722E-011
24,1.000000E+000,1.000000E+000,-1.243450E-014,7.254007E+002,-1.477929E-011,1.477929E-011
25,1.000000E+000,1.000000E+000,3.996803E-015,7.254007E+002,-5.570655E-012,5.570655E-012
26,1.000000E+000,1.000000E+000,1.154632E-014,7.254007E+002,-1.625722E-011,1.625722E-011
27,1.000000E+000,1.000000E+000,5.284662E-014,7.254007E+002,-7.844392E-012,7.844392E-012
28,1.000000E+000,1.000000E+000,-1.287859E-014,7.254007E+002,-1.250555E-011,1.250555E-011
29,1.000000E+000,1.000000E+000,1.554312E-014,7.254007E+002,1.477929E-011,1.477929E-011
30,1.000000E+000,1.000000E+000,-1.776357E-015,7.254007E+002,1.205080E-011,1.205080E-011
31,1.000000E+000,1.000000E+000,6.661338E-015,7.254007E+002,1.352873E-011,1.352873E-011
32,1.000000E+000,1.000000E+000,-4.440892E-015,7.254007E+002,2.773959E-011,2.773959E-011
33,1.000000E+000,1.000000E+000,-7.549517E-015,7.254007E+002,1.364242E-012,1.364242E-012
34,1.000000E+000,1.000000E+000,-4.440892E-016,7.254007E+002,4.558842E-011,4.558842E-011
35,1.000000E+000,1.000000E+000,-1.865175E-014,7.254007E+002,2.501110E-011,2.501110E-011
36,1.000000E+000,1.000000E+000,2.930989E-014,7.254007E+002,2.057732E-011,2.057732E-011
37,1.000000E+000,1.000000E+000,-3.552714E-015,7.254007E+002,1.716671E-011,1.716671E-011
38,1.000000E+000,1.000000E+000,1.287859E-014,7.254007E+002,1.887202E-011,1.887202E-011
39,1.000000E+000,1.000000E+000,-1.820766E-014,7.254007E+002,2.091838E-011,2.091838E-011
40,1.000000E+000,1.000000E+000,2.664535E-015,7.254007E+002,1.205080E-011,1.205080E-011
41,1.000000E+000,1.000000E+000,1.643130E-014,7.254007E+002,1.284661E-011,1.284661E-011
42,1.000000E+000,1.000000E+000,-6.217249E-015,7.254007E+002,2.148681E-011,2.148681E-011
43,1.000000E+000,1.000000E+000,1.776357E-014,7.254007E+002,1.318767E-011,1.318767E-011
44,1.000000E+000,1.000000E+000,-5.373479E-014,7.254007E+002,4.183676E-011,4.183676E-011
45,1.000000E+000,1.000000E+000,3.774758E-014,7.254007E+002,2.910383E-011,2.910383E-011
46,1.000000E+000,1.000000E+000,-1.065814E-014,7.254007E+002,2.944489E-011,2.944489E-011
47,1.000000E+000,1.000000E+000,1.332268E-015,7.254007E+002,1.716671E-011,1.716671E-011
48,1.000000E+000,1.000000E+000,3.996803E-015,7.254007E+002,6.036771E-011,6.036771E-011
49,1.000000E+000,1.000000E+000,7.549517E-015,7.254007E+002,3.183231E-011,3.183231E-011
50,1.000000E+000,1.000000E+000,3.552714E-014,7.254007E+002,4.285994E-011,4.285994E-011
51,1.000000E+000,1.000000E+000,-4.041212E-014,7.254007E+002,2.546585E-011,2.546585E-011
52,1.000000E+000,1.000000E+000,5.329071E-015,7.254007E+002,1.807621E-011,1.807621E-011
53,1.000000E+000,1.000000E+000,8.437695E-015,7.254007E+002,1.625722E-011,1.625722E-011
54,1.000000E+000,1.000000E+000,-4.440892E-014,7.254007E+002,3.899459E-011,3.899459E-011
55,1.000000E+000,1.000000E+000,2.353673E-014,7.254007E+002,2.398792E-011,2.398792E-011
56,1.000000E+000,1.000000E+000,2.042810E-014,7.254007E+002,3.535661E-011,3.535661E-011
57,1.000000E+000,1.000000E+000,4.884981E-015,7.254007E+002,1.739409E-011,1.739409E-011
58,1.000000E+000,1.000000E+000,1.554312E-014,7.254007E+002,3.251444E-011,3.251444E-011
59,1.000000E+000,1.000000E+000,-7.549517E-015,7.254007E+002,3.581135E-011,3.581135E-011
60,1.000000E+000,1.000000E+000,2.930989E-014,7.254007E+002,3.672085E-011,3.672085E-011
61,1.000000E+000,1.000000E+000,-4.840572E-014,7.254007E+002,3.160494E-011,3.160494E-011
62,1.000000E+000,1.000000E+000,2.176037E-014,7.254007E+002,4.001777E-011,4.001777E-011
63,1.000000E+000,1.000000E+000,2.131628E-014,7.254007E+002,3.751666E-011,3.751666E-011
64,1.000000E+000,1.000000E+000,-2.797762E-014,7.254007E+002,4.490630E-011,4.490630E-011
65,1.000000E+000,1.000000E+000,2.042810E-014,7.254007E+002,3.080913E-011,3.080913E-011
66,1.000000E+000,1.000000E+000,-3.552714E-015,7.254007E+002,3.274181E-011,3.274181E-011
67,1.000000E+000,1.000000E+000,-1.465494E-014,7.254007E+002,3.205969E-011,3.205969E-011
68,1.000000E+000,1.000000E+000,-1.332268E-014,7.254007E+002,2.967226E-011,2.967226E-011
69,1.000000E+000,1.000000E+000,2.708944E-014,7.254007E+002,2.739853E-011,2.739853E-011
70,1.000000E+000,1.000000E+000,-5.329071E-015,7.254007E+002,6.787104E-011,6.787104E-011
71,1.000000E+000,1.000000E+000,1.376677E-014,7.254007E+002,3.433342E-011,3.433342E-011
72,1.000000E+000,1.000000E+000,-7.993606E-015,7.254007E+002,5.263701E-011,5.263701E-011
73,1.000000E+000,1.000000E+000,1.332268E-014,7.254007E+002,2.944489E-011,2.944489E-011
74,1.000000E+000,1.000000E+000,0.000000E+000,7.254007E+002,3.558398E-011,3.558398E-011
75,1.000000E+000,1.000000E+000,-1.643130E-014,7.254007E+002,4.047251E-011,4.047251E-011
76,1.000000E+000,1.000000E+000,3.508305E-014,7.254007E+002,4.740741E-011,4.740741E-011
77,1.000000E+000,1.000000E+000,-1.820766E-014,7.254007E+002,3.694822E-011,3.694822E-011
78,1.000000E+000,1.000000E+000,6.217249E-015,7.254007E+002,4.422418E-011,4.422418E-011
79,1.000000E+000,1.000000E+000,5.329071E-015,7.254007E+002,3.637979E-011,3.637979E-011
80,1.000000E+000,1.000000E+000,-1.243450E-014,7.254007E+002,4.649792E-011,4.649792E-011
81,1.000000E+000,1.000000E+000,3.996803E-015,7.254007E+002,3.399236E-011,3.399236E-011
82,1.000000E+000,1.000000E+000,7.549517E-015,7.254007E+002,4.865797E-011,4.865797E-011
83,1.000000E+000,1.000000E+000,-2.797762E-014,7.254007E+002,4.217782E-011,4.217782E-011
84,1.000000E+000,1.000000E+000,1.465494E-014,7.254007E+002,4.274625E-011,4.274625E-011
85,1.000000E+000,1.000000E+000,-8.881784E-016,7.254007E+002,3.331024E-011,3.331024E-011
86,1.000000E+000,1.000000E+000,-1.021405E-014,7.254007E+002,4.536105E-011,4.536105E-011
87,1.000000E+000,1.000000E+000,3.375078E-014,7.254007E+002,3.115019E-011,3.115019E-011
88,1.000000E+000,1.000000E+000,2.220446E-014,7.254007E+002,4.126832E-011,4.126832E-011
89,1.000000E+000,1.000000E+000,-3.019807E-014,7.254007E+002,3.024070E-011,3.024070E-011
90,1.000000E+000,1.000000E+000,-6.661338E-015,7.254007E+002,7.798917E-011,7.798917E-011
91,1.000000E+000,1.000000E+000,-1.776357E-015,7.254007E+002,5.672973E-011,5.672973E-011
92,1.000000E+000,1.000000E+000,-2.531308E-014,7.254007E+002,4.877165E-011,4.877165E-011
93,1.000000E+000,1.000000E+000,4.529710E-014,7.254007E+002,3.160494E-011,3.160494E-011
94,1.000000E+000,1.000000E+000,-3.641532E-014,7.254007E+002,5.343281E-011,5.343281E-011
95,1.000000E+000,1.000000E+000,1.953993E-014,7.254007E+002,4.024514E-011,4.024514E-011
96,1.000000E+000,1.000000E+000,2.309264E-014,7.254007E+002,5.252332E-011,5.252332E-011
97,1.000000E+000,1.000000E+000,-2.664535E-015,7.254007E+002,5.684342E-011,5.684342E-011
98,1.000000E+000,1.000000E+000,-2.087219E-014,7.254007E+002,4.524736E-011,4.524736E-011
99,1.000000E+000,1.000000E+000,-1.776357E-015,7.254007E+002,6.218670E-011,6.218670E-011
100,1.000000E+000,1.000000E+000,-1.021405E-014,7.254007E+002,3.967671E-011,3.967671E-011
101,1.000000E+000,1.000000E+000,4.618528E-014,7.254007E+002,4.592948E-011,4.592948E-011
102,1.000000E+000,1.000000E+000,-7.105427E-015,7.254007E+002,3.331024E-011,3.331024E-011
103,1.000000E+000,1.000000E+000,-6.661338E-015,7.254007E+002,5.070433E-011,5.070433E-011
104,1.000000E+000,1.000000E+000,-5.773160E-015,7.254007E+002,5.354650E-011,5.354650E-011
105,1.000000E+000,1.000000E+000,-1.376677E-014,7.254007E+002,5.263701E-011,5.263701E-011
106,1.000000E+000,1.000000E+000,3.019807E-014,7.254007E+002,5.672973E-011,5.672973E-011
107,1.000000E+000,1.000000E+000,-1.643130E-014,7.254007E+002,5.843503E-011,5.843503E-011
108,1.000000E+000,1.000000E+000,1.687539E-014,7.254007E+002,4.968115E-011,4.968115E-011
109,1.000000E+000,1.000000E+000,-2.442491E-014,7.254007E+002,6.752998E-011,6.752998E-011
110,1.000000E+000,1.000000E+000,2.575717E-014,7.254007E+002,6.070877E-011,6.070877E-011
111,1.000000E+000,1.000000E+000,1.598721E-014,7.254007E+002,5.479706E-011,5.479706E-011
112,1.000000E+000,1.000000E+000,-2.664535E-014,7.254007E+002,7.423751E-011,7.423751E-011
113,1.000000E+000,1.000000E+000,2.309264E-014,7.254007E+002,5.923084E-011,5.923084E-011
114,1.000000E+000,1.000000E+000,-1.509903E-014,7.254007E+002,3.888090E-011,3.888090E-011
115,1.000000E+000,1.000000E+000,1.110223E-014,7.254007E+002,6.582468E-011,6.582468E-011
116,1.000000E+000,1.000000E+000,1.243450E-014,7.254007E+002,5.297807E-011,5.297807E-011
117,1.000000E+000,1.000000E+000,-3.108624E-014,7.254007E+002,5.206857E-011,5.206857E-011
118,1.000000E+000,1.000000E+000,1.998401E-014,7.254007E+002,5.331913E-011,5.331913E-011
119,1.000000E+000,1.000000E+000,-1.243450E-014,7.254007E+002,5.275069E-011,5.275069E-011
120,1.000000E+000,1.000000E+000,2.708944E-014,7.254007E+002,5.604761E-011,5.604761E-011
121,1.000000E+000,1.000000E+000,4.440892E-016,7.254007E+002,6.411938E-011,6.411938E-011
122,1.000000E+000,1.000000E+000,5.329071E-015,7.254007E+002,3.944933E-011,3.944933E-011
123,1.000000E+000,1.000000E+000,-3.685940E-014,7.254007E+002,6.730261E-011,6.730261E-011
124,1.000000E+000,1.000000E+000,3.197442E-014,7.254007E+002,6.377832E-011,6.377832E-011
125,1.000000E+000,1.000000E+000,-7.105427E-015,7.254007E+002,5.979928E-011,5.979928E-011
126,1.000000E+000,1.000000E+000,-2.220446E-015,7.254007E+002,6.389200E-011,6.389200E-011
127,1.000000E+000,1.000000E+000,-4.440892E-015,7.254007E+002,6.923528E-011,6.923528E-011
128,1.000000E+000,1.000000E+000,0.000000E+000,7.254007E+002,6.923528E-011,6.923528E-011
129,1.000000E+000,1.000000E+000,2.442491E-014,7.254007E+002,6.923528E-011,6.923528E-011
130,1.000000E+000,1.000000E+000,-1.287859E-014,7.254007E+002,5.866241E-011,5.866241E-011
131,1.000000E+000,1.000000E+000,-6.661338E-015,7.254007E+002,6.468781E-011,6.468781E-011
132,1.000000E+000,1.000000E+000,5.773160E-015,7.254007E+002,5.127276E-011,5.127276E-011
133,1.000000E+000,1.000000E+000,1.021405E-014,7.254007E+002,7.878498E-011,7.878498E-011
134,1.000000E+000,1.000000E+000,-2.042810E-014,7.254007E+002,7.150902E-011,7.150902E-011
135,1.000000E+000,1.000000E+000,1.909584E-014,7.254007E+002,7.094059E-011,7.094059E-011
136,1.000000E+000,1.000000E+000,1.776357E-014,7.254007E+002,4.627054E-011,4.627054E-011
137,1.000000E+000,1.000000E+000,1.776357E-015,7.254007E+002,8.515144E-011,8.515144E-011
138,1.000000E+000,1.000000E+000,-1.465494E-014,7.254007E+002,6.059508E-011,6.059508E-011
139,1.000000E+000,1.000000E+000,9.325873E-015,7.254007E+002,7.810286E-011,7.810286E-011
140,1.000000E+000,1.000000E+000,7.993606E-015,7.254007E+002,9.276846E-011,9.276846E-011
141,1.000000E+000,1.000000E+000,-4.707346E-014,7.254007E+002,6.320988E-011,6.320988E-011
142,1.000000E+000,1.000000E+000,4.130030E-014,7.254007E+002,4.752110E-011,4.752110E-011
143,1.000000E+000,1.000000E+000,4.884981E-015,7.254007E+002,6.775736E-011,6.775736E-011
144,1.000000E+000,1.000000E+000,4.440892E-016,7.254007E+002,8.708412E-011,8.708412E-011
145,1.000000E+000,1.000000E+000,-1.554312E-014,7.254007E+002,7.707968E-011,7.707968E-011
146,1.000000E+000,1.000000E+000,1.154632E-014,7.254007E+002,7.742074E-011,7.742074E-011
147,1.000000E+000,1.000000E+000,1.776357E-015,7.254007E+002,7.901235E-011,7.901235E-011
148,1.000000E+000,1.000000E+000,4.440892E-016,7.254007E+002,7.139533E-011,7.139533E-011
149,1.000000E+000,1.000000E+000,-3.996803E-015,7.254007E+002,7.332801E-011,7.332801E-011
150,1.000000E+000,1.000000E+000,1.865175E-014,7.254007E+002,9.185896E-011,9.185896E-011
151,1.000000E+000,1.000000E+000,-9.325873E-015,7.254007E+002,7.173639E-011,7.173639E-011
152,1.000000E+000,1.000000E+000,-7.993606E-015,7.254007E+002,8.662937E-011,8.662937E-011
153,1.000000E+000,1.000000E+000,-3.996803E-015,7.254007E+002,8.310508E-011,8.310508E-011
154,1.000000E+000,1.000000E+000,8.881784E-015,7.254007E+002,6.173195E-011,6.173195E-011
155,1.000000E+000,1.000000E+000,8.881784E-016,7.254007E+002,9.720225E-011,9.720225E-011
156,1.000000E+000,1.000000E+000,2.398082E-014,7.254007E+002,8.719780E-011,8.719780E-011
157,1.000000E+000,1.000000E+000,-8.881784E-015,7.254007E+002,8.265033E-011,8.265033E-011
158,1.000000E+000,1.000000E+000,-1.332268E-014,7.254007E+002,8.321877E-011,8.321877E-011
159,1.000000E+000,1.000000E+000,3.419487E-014,7.254007E+002,7.196377E-011,7.196377E-011
160,1.000000E+000,1.000000E+000,-3.597123E-014,7.254007E+002,8.310508E-011,8.310508E-011
161,1.000000E+000,1.000000E+000,4.884981E-015,7.254007E+002,8.265033E-011,8.265033E-011
162,1.000000E+000,1.000000E+000,-4.884981E-015,7.254007E+002,8.742518E-011,8.742518E-011
163,1.000000E+000,1.000000E+000,-3.108624E-015,7.254007E+002,8.708412E-011,8.708412E-011
164,1.000000E+000,1.000000E+000,1.598721E-014,7.254007E+002,8.287770E-011,8.287770E-011
165,1.000000E+000,1.000000E+000,3.286260E-014,7.254007E+002,8.685674E-011,8.685674E-011
166,1.000000E+000,1.000000E+000,-1.643130E-014,7.254007E+002,9.015366E-011,9.015366E-011
167,1.000000E+000,1.000000E+000,-1.465494E-014,7.254007E+002,8.435563E-011,8.435563E-011
168,1.000000E+000,1.000000E+000,9.325873E-015,7.254007E+002,8.731149E-011,8.731149E-011
169,1.000000E+000,1.000000E+000,7.105427E-015,7.254007E+002,8.697043E-011,8.697043E-011
170,1.000000E+000,1.000000E+000,2.664535E-015,7.254007E+002,1.181206E-010,1.181206E-010
171,1.000000E+000,1.000000E+000,-1.953993E-014,7.254007E+002,8.606094E-011,8.606094E-011
172,1.000000E+000,1.000000E+000,6.661338E-015,7.254007E+002,8.128609E-011,8.128609E-011
173,1.000000E+000,1.000000E+000,2.442491E-014,7.254007E+002,7.378276E-011,7.378276E-011
174,1.000000E+000,1.000000E+000,-3.419487E-014,7.254007E+002,8.924417E-011,8.924417E-011
175,1.000000E+000,1.000000E+000,4.440892E-015,7.254007E+002,9.595169E-011,9.595169E-011
176,1.000000E+000,1.000000E+000,-7.993606E-015,7.254007E+002,7.855760E-011,7.855760E-011
177,1.000000E+000,1.000000E+000,3.996803E-014,7.254007E+002,8.628831E-011,8.628831E-011
178,1.000000E+000,1.000000E+000,-1.776357E-015,7.254007E+002,5.422862E-011,5.422862E-011
179,1.000000E+000,1.000000E+000,-2.664535E-015,7.254007E+002,1.044782E-010,1.044782E-010
180,1.000000E+000,1.000000E+000,-7.993606E-015,7.254007E+002,1.073204E-010,1.073204E-010
181,1.000000E+000,1.000000E+000,-6.217249E-015,7.254007E+002,1.026592E-010,1.026592E-010
182,1.000000E+000,1.000000E+000,-5.329071E-015,7.254007E+002,8.833467E-011,8.833467E-011
183,1.000000E+000,1.000000E+000,3.996803E-015,7.254007E+002,5.491074E-011,5.491074E-011
184,1.000000E+000,1.000000E+000,1.465494E-014,7.254007E+002,8.401457E-011,8.401457E-011
185,1.000000E+000,1.000000E+000,-2.220446E-015,7.254007E+002,1.018634E-010,1.018634E-010
186,1.000000E+000,1.000000E+000,-1.065814E-014,7.254007E+002,1.095941E-010,1.095941E-010
187,1.000000E+000,1.000000E+000,3.685940E-014,7.254007E+002,1.019771E-010,1.019771E-010
188,1.000000E+000,1.000000E+000,-2.842171E-014,7.254007E+002,1.097078E-010,1.097078E-010
189,1.000000E+000,1.000000E+000,4.440892E-016,7.254007E+002,1.033413E-010,1.033413E-010
190,1.000000E+000,1.000000E+000,5.329071E-015,7.254007E+002,1.225544E-010,1.225544E-010
191,1.000000E+000,1.000000E+000,-7.993606E-015,7.254007E+002,8.287770E-011,8.287770E-011
192,1.000000E+000,1.000000E+000,1.376677E-014,7.254007E+002,1.114131E-010,1.114131E-010
193,1.000000E+000,1.000000E+000,1.332268E-014,7.254007E+002,9.742962E-011,9.742962E-011
194,1.000000E+000,1.000000E+000,4.440892E-016,7.254007E+002,9.436008E-011,9.436008E-011
195,1.000000E+000,1.000000E+000,-2.664535E-015,7.254007E+002,9.765699E-011,9.765699E-011
196,1.000000E+000,1.000000E+000,8.881784E-015,7.254007E+002,1.194849E-010,1.194849E-010
197,1.000000E+000,1.000000E+000,0.000000E+000,7.254007E+002,1.017497E-010,1.017497E-010
198,1.000000E+000,1.000000E+000,-1.820766E-014,7.254007E+002,1.060698E-010,1.060698E-010
199,1.000000E+000,1.000000E+000,1.509903E-014,7.254007E+002,9.595169E-011,9.595169E-011
200,1.000000E+000,1.000000E+000,-1.465494E-014,7.254007E+002,1.049330E-010,1.049330E-010
201,1.000000E+000,1.000000E+000,-2.664535E-015,7.254007E+002,1.133458E-010,1.133458E-010
202,1.000000E+000,1.000000E+000,2.486900E-014,7.254007E+002,9.742962E-011,9.742962E-011
203,1.000000E+000,1.000000E+000,-8.437695E-015,7.254007E+002,1.087983E-010,1.087983E-010
204,1.000000E+000,1.000000E+000,7.105427E-015,7.254007E+002,1.057288E-010,1.057288E-010
205,1.000000E+000,1.000000E+000,-3.996803E-015,7.254007E+002,9.913492E-011,9.913492E-011
206,1.000000E+000,1.000000E+000,-2.220446E-015,7.254007E+002,1.203944E-010,1.203944E-010
207,1.000000E+000,1.000000E+000,2.664535E-015,7.254007E+002,1.044782E-010,1.044782E-010
208,1.000000E+000,1.000000E+000,6.217249E-015,7.254007E+002,1.159606E-010,1.159606E-010
209,1.000000E+000,1.000000E+000,8.881784E-016,7.254007E+002,1.001581E-010,1.001581E-010
210,1.000000E+000,1.000000E+000,6.661338E-015,7.254007E+002,1.328999E-010,1.328999E-010
211,1.000000E+000,1.000000E+000,-1.021405E-014,7.254007E+002,1.160743E-010,1.160743E-010
212,1.000000E+000,1.000000E+000,-5.773160E-015,7.254007E+002,1.030003E-010,1.030003E-010
213,1.000000E+000,1.000000E+000,1.154632E-014,7.254007E+002,1.159606E-010,1.159606E-010
214,1.000000E+000,1.000000E+000,8.881784E-016,7.254007E+002,1.177796E-010,1.177796E-010
215,1.000000E+000,1.000000E+000,5.773160E-015,7.254007E+002,1.085709E-010,1.085709E-010
216,1.000000E+000,1.000000E+000,6.217249E-015,7.254007E+002,1.066383E-010,1.066383E-010
217,1.000000E+000,1.000000E+000,4.884981E-015,7.254007E+002,9.606538E-011,9.606538E-011
218,1.000000E+000,1.000000E+000,-3.375078E-014,7.254007E+002,1.220997E-010,1.220997E-010
219,1.000000E+000,1.000000E+000,3.774758E-014,7.254007E+002,1.017497E-010,1.017497E-010
220,1.000000E+000,1.000000E+000,-1.598721E-014,7.254007E+002,1.290346E-010,1.290346E-010
221,1.000000E+000,1.000000E+000,-3.552714E-015,7.254007E+002,1.365379E-010,1.365379E-010
222,1.000000E+000,1.000000E+000,1.110223E-014,7.254007E+002,1.007265E-010,1.007265E-010
223,1.000000E+000,1.000000E+000,1.687539E-014,7.254007E+002,1.110720E-010,1.110720E-010
224,1.000000E+000,1.000000E+000,-3.552714E-015,7.254007E+002,1.115268E-010,1.115268E-010
225,1.000000E+000,1.000000E+000,-4.440892E-016,7.254007E+002,1.211902E-010,1.211902E-010
226,1.000000E+000,1.000000E+000,5.773160E-015,7.254007E+002,1.231228E-010,1.231228E-010
227,1.000000E+000,1.000000E+000,-1.776357E-014,7.254007E+002,1.462013E-010,1.462013E-010
228,1.000000E+000,1.000000E+000,7.105427E-015,7.254007E+002,1.331273E-010,1.331273E-010
229,1.000000E+000,1.000000E+000,-1.776357E-015,7.254007E+002,1.185754E-010,1.185754E-010
230,1.000000E+000,1.000000E+000,-2.220446E-015,7.254007E+002,1.251692E-010,1.251692E-010
231,1.000000E+000,1.000000E+000,1.332268E-014,7.254007E+002,1.427907E-010,1.427907E-010
232,1.000000E+000,1.000000E+000,-7.549517E-015,7.254007E+002,1.388116E-010,1.388116E-010
233,1.000000E+000,1.000000E+000,2.886580E-014,7.254007E+002,1.145963E-010,1.145963E-010
234,1.000000E+000,1.000000E+000,-4.440892E-014,7.254007E+002,1.357421E-010,1.357421E-010
235,1.000000E+000,1.000000E+000,2.220446E-014,7.254007E+002,1.269882E-010,1.269882E-010
236,1.000000E+000,1.000000E+000,1.287859E-014,7.254007E+002,1.330136E-010,1.330136E-010
237,1.000000E+000,1.000000E+000,6.661338E-015,7.254007E+002,1.122089E-010,1.122089E-010
238,1.000000E+000,1.000000E+000,-1.376677E-014,7.254007E+002,1.277840E-010,1.277840E-010
239,1.000000E+000,1.000000E+000,1.065814E-014,7.254007E+002,1.224407E-010,1.224407E-010
240,1.000000E+000,1.000000E+000,-1.243450E-014,7.254007E+002,1.266471E-010,1.266471E-010
241,1.000000E+000,1.000000E+000,1.376677E-014,7.254007E+002,1.218723E-010,1.218723E-010
242,1.000000E+000,1.000000E+000,-2.309264E-014,7.254007E+002,1.280114E-010,1.280114E-010
243,1.000000E+000,1.000000E+000,1.021405E-014,7.254007E+002,1.301714E-010,1.301714E-010
244,1.000000E+000,1.000000E+000,1.998401E-014,7.254007E+002,1.216449E-010,1.216449E-010
245,1.000000E+000,1.000000E+000,-1.065814E-014,7.254007E+002,1.227818E-010,1.227818E-010
246,1.000000E+000,1.000000E+000,-1.199041E-014,7.254007E+002,1.261924E-010,1.261924E-010
247,1.000000E+000,1.000000E+000,8.437695E-015,7.254007E+002,1.422222E-010,1.422222E-010
248,1.000000E+000,1.000000E+000,1.110223E-014,7.254007E+002,1.465423E-010,1.465423E-010
249,1.000000E+000,1.000000E+000,1.287859E-014,7.254007E+002,1.100489E-010,1.100489E-010
250,1.000000E+000,1.000000E+000,-2.042810E-014,7.254007E+002,1.048193E-010,1.048193E-010
251,1.000000E+000,1.000000E+000,1.110223E-014,7.254007E+002,1.277840E-010,1.277840E-010
252,1.000000E+000,1.000000E+000,-4.440892E-015,7.254007E+002,1.558647E-010,1.558647E-010
253,1.000000E+000,1.000000E+000,-4.440892E-015,7.254007E+002,1.443823E-010,1.443823E-010
254,1.000000E+000,1.000000E+000,5.329071E-015,7.254007E+002,1.126637E-010,1.126637E-010
255,1.000000E+000,1.000000E+000,1.376677E-014,7.254007E+002,1.446097E-010,1.446097E-010
256,1.000000E+000,1.000000E+000,-4.440892E-015,7.254007E+002,1.190301E-010,1.190301E-010
257,1.000000E+000,1.000000E+000,8.881784E-015,7.254007E+002,1.259650E-010,1.259650E-010
258,1.000000E+000,1.000000E+000,-1.643130E-014,7.254007E+002,1.369926E-010,1.369926E-010
259,1.000000E+000,1.000000E+000,9.325873E-015,7.254007E+002,1.299441E-010,1.299441E-010
260,1.000000E+000,1.000000E+000,4.884981E-015,7.254007E+002,1.350600E-010,1.350600E-010
261,1.000000E+000,1.000000E+000,-7.549517E-015,7.254007E+002,1.285798E-010,1.285798E-010
262,1.000000E+000,1.000000E+000,1.287859E-014,7.254007E+002,1.321041E-010,1.321041E-010
263,1.000000E+000,1.000000E+000,-4.440892E-016,7.254007E+002,1.418812E-010,1.418812E-010
264,1.000000E+000,1.000000E+000,-6.661338E-015,7.254007E+002,1.405169E-010,1.405169E-010
265,1.000000E+000,1.000000E+000,1.731948E-014,7.254007E+002,1.425633E-010,1.425633E-010
266,1.000000E+000,1.000000E+000,2.176037E-014,7.254007E+002,1.593889E-010,1.593889E-010
267,1.000000E+000,1.000000E+000,-3.419487E-014,7.254007E+002,1.469971E-010,1.469971E-010
268,1.000000E+000,1.000000E+000,4.440892E-016,7.254007E+002,1.483613E-010,1.483613E-010
269,1.000000E+000,1.000000E+000,4.884981E-015,7.254007E+002,1.243734E-010,1.243734E-010
270,1.000000E+000,1.000000E+000,-4.440892E-016,7.254007E+002,1.426770E-010,1.426770E-010
271,1.000000E+000,1.000000E+000,6.217249E-015,7.254007E+002,1.209628E-010,1.209628E-010
272,1.000000E+000,1.000000E+000,-1.199041E-014,7.254007E+002,1.416538E-010,1.416538E-010
273,1.000000E+000,1.000000E+000,2.087219E-014,7.254007E+002,1.292619E-010,1.292619E-010
274,1.000000E+000,1.000000E+000,-1.021405E-014,7.254007E+002,1.327862E-010,1.327862E-010
275,1.000000E+000,1.000000E+000,6.661338E-015,7.254007E+002,1.431317E-010,1.431317E-010
276,1.000000E+000,1.000000E+000,8.881784E-015,7.254007E+002,1.244871E-010,1.244871E-010
277,1.000000E+000,1.000000E+000,-5.329071E-015,7.254007E+002,1.350600E-010,1.350600E-010
278,1.000000E+000,1.000000E+000,-4.440892E-016,7.254007E+002,1.479066E-010,1.479066E-010
279,1.000000E+000,1.000000E+000,-1.643130E-014,7.254007E+002,1.500666E-010,1.500666E-010
280,1.000000E+000,1.000000E+000,2.753353E-014,7.254007E+002,1.485887E-010,1.485887E-010
281,1.000000E+000,1.000000E+000,-1.065814E-014,7.254007E+002,1.394937E-010,1.394937E-010
282,1.000000E+000,1.000000E+000,-3.108624E-015,7.254007E+002,1.571152E-010,1.571152E-010
283,1.000000E+000,1.000000E+000,1.332268E-014,7.254007E+002,1.379021E-010,1.379021E-010
284,1.000000E+000,1.000000E+000,2.664535E-015,7.254007E+002,1.547278E-010,1.547278E-010
285,1.000000E+000,1.000000E+000,-9.769963E-015,7.254007E+002,1.396074E-010,1.396074E-010
286,1.000000E+000,1.000000E+000,-8.881784E-015,7.254007E+002,1.435865E-010,1.435865E-010
287,1.000000E+000,1.000000E+000,1.643130E-014,7.254007E+002,1.624585E-010,1.624585E-010
288,1.000000E+000,1.000000E+000,-4.884981E-015,7.254007E+002,1.468834E-010,1.468834E-010
289,1.000000E+000,1.000000E+000,3.019807E-014,7.254007E+002,1.519993E-010,1.519993E-010
290,1.000000E+000,1.000000E+000,-1.465494E-014,7.254007E+002,1.501803E-010,1.501803E-010
291,1.000000E+000,1.000000E+000,1.110223E-014,7.254007E+002,1.618901E-010,1.618901E-010
292,1.000000E+000,1.000000E+000,-3.108624E-015,7.254007E+002,1.717808E-010,1.717808E-010
293,1.000000E+000,1.000000E+000,-1.731948E-014,7.254007E+002,1.607532E-010,1.607532E-010
294,1.000000E+000,1.000000E+000,7.549517E-015,7.254007E+002,1.547278E-010,1.547278E-010
295,1.000000E+000,1.000000E+000,3.996803E-015,7.254007E+002,1.675744E-010,1.675744E-010
296,1.000000E+000,1.000000E+000,-6.217249E-015,7.254007E+002,1.496119E-010,1.496119E-010
297,1.000000E+000,1.000000E+000,-1.199041E-014,7.254007E+002,1.497256E-010,1.497256E-010
298,1.000000E+000,1.000000E+000,4.751755E-014,7.254007E+002,1.613216E-010,1.613216E-010
299,1.000000E+000,1.000000E+000,-3.153033E-014,7.254007E+002,1.664375E-010,1.664375E-010
