t,norm_err,energy_err,energy
0,2.287059E-014,4.547474E-012,7.254007E+002
1,2.720046E-014,4.160938E-011,7.254007E+002
2,3.241851E-014,4.956746E-011,7.254007E+002
3,3.907985E-014,5.468337E-011,7.254007E+002
4,3.308465E-014,5.672973E-011,7.254007E+002
5,3.863576E-014,6.275513E-011,7.254007E+002
6,4.940492E-014,6.093615E-011,7.254007E+002
7,5.639933E-014,6.707523E-011,7.254007E+002
8,5.639933E-014,5.763923E-011,7.254007E+002
9,6.084022E-014,5.991296E-011,7.254007E+002
10,5.417888E-014,6.161827E-011,7.254007E+002
11,5.839773E-014,6.718892E-011,7.254007E+002
12,6.605827E-014,6.605205E-011,7.254007E+002
13,4.263256E-014,7.696599E-011,7.254007E+002
14,3.985701E-014,6.548362E-011,7.254007E+002
15,3.252953E-014,5.650236E-011,7.254007E+002
16,3.930190E-014,5.013590E-011,7.254007E+002
17,2.442491E-014,3.774403E-011,7.254007E+002
18,2.120526E-014,3.558398E-011,7.254007E+002
19,4.329870E-015,2.535216E-011,7.254007E+002
20,1.043610E-014,3.251444E-011,7.254007E+002
21,5.773160E-015,2.091838E-011,7.254007E+002
22,1.221245E-015,3.012701E-011,7.254007E+002
23,1.554312E-015,1.625722E-011,7.254007E+002
24,7.771561E-015,1.477929E-011,7.254007E+002
25,5.773160E-015,5.570655E-012,7.254007E+002
26,0.000000E+000,1.625722E-011,7.254007E+002
27,2.642331E-014,7.844392E-012,7.254007E+002
28,1.998401E-014,1.250555E-011,7.254007E+002
29,2.775558E-014,1.477929E-011,7.254007E+002
30,2.686740E-014,1.205080E-011,7.254007E+002
31,3.019807E-014,1.352873E-011,7.254007E+002
32,2.797762E-014,2.773959E-011,7.254007E+002
33,2.420286E-014,1.364242E-012,7.254007E+002
34,2.398082E-014,4.558842E-011,7.254007E+002
35,1.465494E-014,2.501110E-011,7.254007E+002
36,2.930989E-014,2.057732E-011,7.254007E+002
37,2.753353E-014,1.716671E-011,7.254007E+002
38,3.397282E-014,1.887202E-011,7.254007E+002
39,2.486900E-014,2.091838E-011,7.254007E+002
40,2.620126E-014,1.205080E-011,7.254007E+002
41,3.441691E-014,1.284661E-011,7.254007E+002
42,3.130829E-014,2.148681E-011,7.254007E+002
43,4.019007E-014,1.318767E-011,7.254007E+002
44,1.332268E-014,4.183676E-011,7.254007E+002
45,3.219647E-014,2.910383E-011,7.254007E+002
46,2.686740E-014,2.944489E-011,7.254007E+002
47,2.753353E-014,1.716671E-011,7.254007E+002
48,2.953193E-014,6.036771E-011,7.254007E+002
49,3.330669E-014,3.183231E-011,7.254007E+002
50,5.107026E-014,4.285994E-011,7.254007E+002
51,3.086420E-014,2.546585E-011,7.254007E+002
52,3.352874E-014,1.807621E-011,7.254007E+002
53,3.774758E-014,1.625722E-011,7.254007E+002
54,1.554312E-014,3.899459E-011,7.254007E+002
55,2.731149E-014,2.398792E-011,7.254007E+002
56,3.752554E-014,3.535661E-011,7.254007E+002
57,3.996803E-014,1.739409E-011,7.254007E+002
58,4.773959E-014,3.251444E-011,7.254007E+002
59,4.396483E-014,3.581135E-011,7.254007E+002
60,5.861978E-014,3.672085E-011,7.254007E+002
61,3.441691E-014,3.160494E-011,7.254007E+002
62,4.529710E-014,4.001777E-011,7.254007E+002
63,5.595524E-014,3.751666E-011,7.254007E+002
64,4.196643E-014,4.490630E-011,7.254007E+002
65,5.218048E-014,3.080913E-011,7.254007E+002
66,5.040413E-014,3.274181E-011,7.254007E+002
67,4.307665E-014,3.205969E-011,7.254007E+002
68,3.641532E-014,2.967226E-011,7.254007E+002
69,4.996004E-014,2.739853E-011,7.254007E+002
70,4.729550E-014,6.787104E-011,7.254007E+002
71,5.417888E-014,3.433342E-011,7.254007E+002
72,5.018208E-014,5.263701E-011,7.254007E+002
73,5.684342E-014,2.944489E-011,7.254007E+002
74,5.684342E-014,3.558398E-011,7.254007E+002
75,4.862777E-014,4.047251E-011,7.254007E+002
76,6.616929E-014,4.740741E-011,7.254007E+002
77,5.706546E-014,3.694822E-011,7.254007E+002
78,6.017409E-014,4.422418E-011,7.254007E+002
79,6.283862E-014,3.637979E-011,7.254007E+002
80,5.662137E-014,4.649792E-011,7.254007E+002
81,5.861978E-014,3.399236E-011,7.254007E+002
82,6.239453E-014,4.865797E-011,7.254007E+002
83,4.840572E-014,4.217782E-011,7.254007E+002
84,5.573320E-014,4.274625E-011,7.254007E+002
85,5.528911E-014,3.331024E-011,7.254007E+002
86,5.018208E-014,4.536105E-011,7.254007E+002
87,6.705747E-014,3.115019E-011,7.254007E+002
88,7.815970E-014,4.126832E-011,7.254007E+002
89,6.306067E-014,3.024070E-011,7.254007E+002
90,5.973000E-014,7.798917E-011,7.254007E+002
91,5.884182E-014,5.672973E-011,7.254007E+002
92,4.618528E-014,4.877165E-011,7.254007E+002
93,6.883383E-014,3.160494E-011,7.254007E+002
94,5.062617E-014,5.343281E-011,7.254007E+002
95,6.039613E-014,4.024514E-011,7.254007E+002
96,7.194245E-014,5.252332E-011,7.254007E+002
97,7.061018E-014,5.684342E-011,7.254007E+002
98,6.017409E-014,4.524736E-011,7.254007E+002
99,5.928591E-014,6.218670E-011,7.254007E+002
100,5.417888E-014,3.967671E-011,7.254007E+002
101,7.727152E-014,4.592948E-011,7.254007E+002
102,7.371881E-014,3.331024E-011,7.254007E+002
103,7.038814E-014,5.070433E-011,7.254007E+002
104,6.750156E-014,5.354650E-011,7.254007E+002
105,6.061818E-014,5.263701E-011,7.254007E+002
106,7.571721E-014,5.672973E-011,7.254007E+002
107,6.750156E-014,5.843503E-011,7.254007E+002
108,7.593925E-014,4.968115E-011,7.254007E+002
109,6.372680E-014,6.752998E-011,7.254007E+002
110,7.660539E-014,6.070877E-011,7.254007E+002
111,8.459899E-014,5.479706E-011,7.254007E+002
112,7.127632E-014,7.423751E-011,7.254007E+002
113,8.282264E-014,5.923084E-011,7.254007E+002
114,7.527312E-014,3.888090E-011,7.254007E+002
115,8.082424E-014,6.582468E-011,7.254007E+002
116,8.704149E-014,5.297807E-011,7.254007E+002
117,7.149836E-014,5.206857E-011,7.254007E+002
118,8.149037E-014,5.331913E-011,7.254007E+002
119,7.527312E-014,5.275069E-011,7.254007E+002
120,8.881784E-014,5.604761E-011,7.254007E+002
121,8.903989E-014,6.411938E-011,7.254007E+002
122,9.170442E-014,3.944933E-011,7.254007E+002
123,7.327472E-014,6.730261E-011,7.254007E+002
124,8.926193E-014,6.377832E-011,7.254007E+002
125,8.570922E-014,5.979928E-011,7.254007E+002
126,8.459899E-014,6.389200E-011,7.254007E+002
127,8.237855E-014,6.923528E-011,7.254007E+002
128,8.237855E-014,6.923528E-011,7.254007E+002
129,9.459100E-014,6.923528E-011,7.254007E+002
130,8.815171E-014,5.866241E-011,7.254007E+002
131,8.482104E-014,6.468781E-011,7.254007E+002
132,8.770762E-014,5.127276E-011,7.254007E+002
133,9.281464E-014,7.878498E-011,7.254007E+002
134,8.260059E-014,7.150902E-011,7.254007E+002
135,9.214851E-014,7.094059E-011,7.254007E+002
136,1.010303E-013,4.627054E-011,7.254007E+002
137,1.019185E-013,8.515144E-011,7.254007E+002
138,9.459100E-014,6.059508E-011,7.254007E+002
139,9.925394E-014,7.810286E-011,7.254007E+002
140,1.032507E-013,9.276846E-011,7.254007E+002
141,7.971401E-014,6.320988E-011,7.254007E+002
142,1.003642E-013,4.752110E-011,7.254007E+002
143,1.028067E-013,6.775736E-011,7.254007E+002
144,1.030287E-013,8.708412E-011,7.254007E+002
145,9.525714E-014,7.707968E-011,7.254007E+002
146,1.010303E-013,7.742074E-011,7.254007E+002
147,1.019185E-013,7.901235E-011,7.254007E+002
148,1.021405E-013,7.139533E-011,7.254007E+002
149,1.001421E-013,7.332801E-011,7.254007E+002
150,1.094680E-013,9.185896E-011,7.254007E+002
151,1.048051E-013,7.173639E-011,7.254007E+002
152,1.008083E-013,8.662937E-011,7.254007E+002
153,9.880985E-014,8.310508E-011,7.254007E+002
154,1.032507E-013,6.173195E-011,7.254007E+002
155,1.036948E-013,9.720225E-011,7.254007E+002
156,1.156852E-013,8.719780E-011,7.254007E+002
157,1.112443E-013,8.265033E-011,7.254007E+002
158,1.045830E-013,8.321877E-011,7.254007E+002
159,1.216804E-013,7.196377E-011,7.254007E+002
160,1.036948E-013,8.310508E-011,7.254007E+002
161,1.061373E-013,8.265033E-011,7.254007E+002
162,1.036948E-013,8.742518E-011,7.254007E+002
163,1.021405E-013,8.708412E-011,7.254007E+002
164,1.101341E-013,8.287770E-011,7.254007E+002
165,1.265654E-013,8.685674E-011,7.254007E+002
166,1.183498E-013,9.015366E-011,7.254007E+002
167,1.110223E-013,8.435563E-011,7.254007E+002
168,1.156852E-013,8.731149E-011,7.254007E+002
169,1.192380E-013,8.697043E-011,7.254007E+002
170,1.205702E-013,1.181206E-010,7.254007E+002
171,1.108003E-013,8.606094E-011,7.254007E+002
172,1.141309E-013,8.128609E-011,7.254007E+002
173,1.263434E-013,7.378276E-011,7.254007E+002
174,1.092459E-013,8.924417E-011,7.254007E+002
175,1.114664E-013,9.595169E-011,7.254007E+002
176,1.074696E-013,7.855760E-011,7.254007E+002
177,1.274536E-013,8.628831E-011,7.254007E+002
178,1.265654E-013,5.422862E-011,7.254007E+002
179,1.252332E-013,1.044782E-010,7.254007E+002
180,1.212364E-013,1.073204E-010,7.254007E+002
181,1.181277E-013,1.026592E-010,7.254007E+002
182,1.154632E-013,8.833467E-011,7.254007E+002
183,1.174616E-013,5.491074E-011,7.254007E+002
184,1.247891E-013,8.401457E-011,7.254007E+002
185,1.236788E-013,1.018634E-010,7.254007E+002
186,1.183498E-013,1.095941E-010,7.254007E+002
187,1.367795E-013,1.019771E-010,7.254007E+002
188,1.225686E-013,1.097078E-010,7.254007E+002
189,1.227907E-013,1.033413E-010,7.254007E+002
190,1.254552E-013,1.225544E-010,7.254007E+002
191,1.214584E-013,8.287770E-011,7.254007E+002
192,1.283418E-013,1.114131E-010,7.254007E+002
193,1.350031E-013,9.742962E-011,7.254007E+002
194,1.352252E-013,9.436008E-011,7.254007E+002
195,1.338929E-013,9.765699E-011,7.254007E+002
196,1.383338E-013,1.194849E-010,7.254007E+002
197,1.383338E-013,1.017497E-010,7.254007E+002
198,1.292300E-013,1.060698E-010,7.254007E+002
199,1.367795E-013,9.595169E-011,7.254007E+002
200,1.294520E-013,1.049330E-010,7.254007E+002
201,1.281197E-013,1.133458E-010,7.254007E+002
202,1.405542E-013,9.742962E-011,7.254007E+002
203,1.363354E-013,1.087983E-010,7.254007E+002
204,1.398881E-013,1.057288E-010,7.254007E+002
205,1.378897E-013,9.913492E-011,7.254007E+002
206,1.367795E-013,1.203944E-010,7.254007E+002
207,1.381117E-013,1.044782E-010,7.254007E+002
208,1.412204E-013,1.159606E-010,7.254007E+002
209,1.416645E-013,1.001581E-010,7.254007E+002
210,1.449951E-013,1.328999E-010,7.254007E+002
211,1.398881E-013,1.160743E-010,7.254007E+002
212,1.370015E-013,1.030003E-010,7.254007E+002
213,1.427747E-013,1.159606E-010,7.254007E+002
214,1.432188E-013,1.177796E-010,7.254007E+002
215,1.461054E-013,1.085709E-010,7.254007E+002
216,1.492140E-013,1.066383E-010,7.254007E+002
217,1.516565E-013,9.606538E-011,7.254007E+002
218,1.347811E-013,1.220997E-010,7.254007E+002
219,1.536549E-013,1.017497E-010,7.254007E+002
220,1.456613E-013,1.290346E-010,7.254007E+002
221,1.438849E-013,1.365379E-010,7.254007E+002
222,1.494360E-013,1.007265E-010,7.254007E+002
223,1.578737E-013,1.110720E-010,7.254007E+002
224,1.560974E-013,1.115268E-010,7.254007E+002
225,1.558753E-013,1.211902E-010,7.254007E+002
226,1.587619E-013,1.231228E-010,7.254007E+002
227,1.498801E-013,1.462013E-010,7.254007E+002
228,1.534328E-013,1.331273E-010,7.254007E+002
229,1.525446E-013,1.185754E-010,7.254007E+002
230,1.514344E-013,1.251692E-010,7.254007E+002
231,1.580958E-013,1.427907E-010,7.254007E+002
232,1.543210E-013,1.388116E-010,7.254007E+002
233,1.687539E-013,1.145963E-010,7.254007E+002
234,1.465494E-013,1.357421E-010,7.254007E+002
235,1.576517E-013,1.269882E-010,7.254007E+002
236,1.640910E-013,1.330136E-010,7.254007E+002
237,1.674216E-013,1.122089E-010,7.254007E+002
238,1.605382E-013,1.277840E-010,7.254007E+002
239,1.658673E-013,1.224407E-010,7.254007E+002
240,1.596501E-013,1.266471E-010,7.254007E+002
241,1.665335E-013,1.218723E-010,7.254007E+002
242,1.549871E-013,1.280114E-010,7.254007E+002
243,1.600942E-013,1.301714E-010,7.254007E+002
244,1.700862E-013,1.216449E-010,7.254007E+002
245,1.647571E-013,1.227818E-010,7.254007E+002
246,1.587619E-013,1.261924E-010,7.254007E+002
247,1.629807E-013,1.422222E-010,7.254007E+002
248,1.685319E-013,1.465423E-010,7.254007E+002
249,1.749711E-013,1.100489E-010,7.254007E+002
250,1.647571E-013,1.048193E-010,7.254007E+002
251,1.703082E-013,1.277840E-010,7.254007E+002
252,1.680878E-013,1.558647E-010,7.254007E+002
253,1.658673E-013,1.443823E-010,7.254007E+002
254,1.685319E-013,1.126637E-010,7.254007E+002
255,1.754152E-013,1.446097E-010,7.254007E+002
256,1.731948E-013,1.190301E-010,7.254007E+002
257,1.776357E-013,1.259650E-010,7.254007E+002
258,1.694200E-013,1.369926E-010,7.254007E+002
259,1.740830E-013,1.299441E-010,7.254007E+002
260,1.765255E-013,1.350600E-010,7.254007E+002
261,1.727507E-013,1.285798E-010,7.254007E+002
262,1.791900E-013,1.321041E-010,7.254007E+002
263,1.789680E-013,1.418812E-010,7.254007E+002
264,1.756373E-013,1.405169E-010,7.254007E+002
265,1.842970E-013,1.425633E-010,7.254007E+002
266,1.951772E-013,1.593889E-010,7.254007E+002
267,1.780798E-013,1.469971E-010,7.254007E+002
268,1.783018E-013,1.483613E-010,7.254007E+002
269,1.807443E-013,1.243734E-010,7.254007E+002
270,1.805223E-013,1.426770E-010,7.254007E+002
271,1.836309E-013,1.209628E-010,7.254007E+002
272,1.776357E-013,1.416538E-010,7.254007E+002
273,1.880718E-013,1.292619E-010,7.254007E+002
274,1.829648E-013,1.327862E-010,7.254007E+002
275,1.862954E-013,1.431317E-010,7.254007E+002
276,1.907363E-013,1.244871E-010,7.254007E+002
277,1.880718E-013,1.350600E-010,7.254007E+002
278,1.878497E-013,1.479066E-010,7.254007E+002
279,1.796341E-013,1.500666E-010,7.254007E+002
280,1.934009E-013,1.485887E-010,7.254007E+002
281,1.880718E-013,1.394937E-010,7.254007E+002
282,1.865175E-013,1.571152E-010,7.254007E+002
283,1.931788E-013,1.379021E-010,7.254007E+002
284,1.945111E-013,1.547278E-010,7.254007E+002
285,1.896261E-013,1.396074E-010,7.254007E+002
286,1.851852E-013,1.435865E-010,7.254007E+002
287,1.934009E-013,1.624585E-010,7.254007E+002
288,1.909584E-013,1.468834E-010,7.254007E+002
289,2.060574E-013,1.519993E-010,7.254007E+002
290,1.987299E-013,1.501803E-010,7.254007E+002
291,2.042810E-013,1.618901E-010,7.254007E+002
292,2.027267E-013,1.717808E-010,7.254007E+002
293,1.940670E-013,1.607532E-010,7.254007E+002
294,1.978417E-013,1.547278E-010,7.254007E+002
295,1.998401E-013,1.675744E-010,7.254007E+002
296,1.967315E-013,1.496119E-010,7.254007E+002
297,1.907363E-013,1.497256E-010,7.254007E+002
298,2.144951E-013,1.613216E-010,7.254007E+002
299,1.987299E-013,1.664375E-010,7.254007E+002
