t,residual_l2,residual_max
0,8.129519E-015,9.106320E-014
1,8.058384E-015,8.533911E-014
2,7.980487E-015,6.355287E-014
3,8.344277E-015,8.987734E-014
4,8.115098E-015,8.788928E-014
5,8.232242E-015,9.947598E-014
6,8.189991E-015,7.418284E-014
7,8.178436E-015,6.112320E-014
8,8.181170E-015,7.418284E-014
9,8.181617E-015,5.560877E-014
10,8.204774E-015,7.110422E-014
11,8.195102E-015,4.019437E-014
12,8.095920E-015,3.907985E-014
13,8.252204E-015,3.938398E-014
14,8.248557E-015,4.986471E-014
15,8.259392E-015,4.986471E-014
16,8.218947E-015,6.417051E-014
17,8.122182E-015,3.393725E-014
18,8.156574E-015,5.685036E-014
19,8.180126E-015,3.915610E-014
20,8.269783E-015,4.440892E-014
21,8.233677E-015,3.764033E-014
22,8.200068E-015,4.097430E-014
23,8.218369E-015,4.766466E-014
24,8.236562E-015,3.657743E-014
25,8.270700E-015,3.623071E-014
26,8.189263E-015,3.205143E-014
27,8.180235E-015,2.929643E-014
28,8.207092E-015,3.217119E-014
29,8.242249E-015,4.689717E-014
30,8.239164E-015,2.501133E-014
31,8.209978E-015,3.275440E-014
32,8.275162E-015,3.177644E-014
33,8.250276E-015,2.900212E-014
34,8.227058E-015,3.574849E-014
35,8.230977E-015,2.977717E-014
36,8.280323E-015,2.864289E-014
37,8.275873E-015,2.929643E-014
38,8.233289E-015,3.592459E-014
39,8.211116E-015,2.843558E-014
40,8.226222E-015,2.501133E-014
41,8.232902E-015,2.586415E-014
42,8.217685E-015,2.522431E-014
43,8.289988E-015,3.102274E-014
44,8.261115E-015,2.929643E-014
45,8.227865E-015,2.168775E-014
46,8.234503E-015,3.067753E-014
47,8.272528E-015,2.667864E-014
48,8.269876E-015,3.318508E-014
49,8.229000E-015,2.143162E-014
50,8.224369E-015,2.486900E-014
51,8.297574E-015,3.217119E-014
52,8.213400E-015,2.398493E-014
53,8.284244E-015,2.842171E-014
54,8.248759E-015,2.416107E-014
55,8.267870E-015,2.586415E-014
56,8.254924E-015,2.383233E-014
57,8.272055E-015,2.139017E-014
58,8.315506E-015,3.920329E-014
59,8.274304E-015,2.929643E-014
60,8.248830E-015,3.211463E-014
61,8.232563E-015,2.929643E-014
62,8.234260E-015,2.246933E-014
63,8.274424E-015,2.131888E-014
64,8.267475E-015,2.197232E-014
65,8.277703E-015,2.929643E-014
66,8.326700E-015,2.626141E-014
67,8.307889E-015,2.383233E-014
68,8.234401E-015,2.850831E-014
69,8.258794E-015,2.224439E-014
70,8.290119E-015,2.246933E-014
71,8.248258E-015,2.161031E-014
72,8.275271E-015,2.233288E-014
73,8.281687E-015,2.864289E-014
74,8.301920E-015,2.467794E-014
75,8.249321E-015,2.139017E-014
76,8.283110E-015,2.197232E-014
77,8.251196E-015,2.139017E-014
78,8.269252E-015,2.161031E-014
79,8.251183E-015,2.003822E-014
80,8.261413E-015,2.172976E-014
81,8.251129E-015,1.781346E-014
82,8.285285E-015,2.071570E-014
83,8.311896E-015,2.487296E-014
84,8.287569E-015,2.071570E-014
85,8.268450E-015,1.972076E-014
86,8.292152E-015,2.977717E-014
87,8.275458E-015,2.009718E-014
88,8.266545E-015,2.177396E-014
89,8.269052E-015,2.220446E-014
90,8.285376E-015,2.148217E-014
91,8.240829E-015,2.090524E-014
92,8.237048E-015,1.675812E-014
93,8.274161E-015,1.811536E-014
94,8.277217E-015,1.695736E-014
95,8.269848E-015,1.854571E-014
96,8.300272E-015,2.139017E-014
97,8.260810E-015,1.432145E-014
98,8.291658E-015,1.785217E-014
99,8.313358E-015,1.637720E-014
100,8.274662E-015,1.776912E-014
101,8.315751E-015,2.229421E-014
102,8.309405E-015,2.182033E-014
103,8.322627E-015,1.966568E-014
104,8.284401E-015,1.928084E-014
105,8.296161E-015,2.162884E-014
106,8.270167E-015,2.139017E-014
107,8.256505E-015,1.517720E-014
108,8.308875E-015,2.133478E-014
109,8.287822E-015,2.842171E-014
110,8.288372E-015,1.778862E-014
111,8.280676E-015,1.776357E-014
112,8.282923E-015,1.715357E-014
113,8.248055E-015,1.633047E-014
114,8.324292E-015,1.588822E-014
115,8.276531E-015,1.699766E-014
116,8.274269E-015,1.787425E-014
117,8.299879E-015,1.998401E-014
118,8.275506E-015,1.811536E-014
119,8.264960E-015,1.796230E-014
120,8.280739E-015,1.588822E-014
121,8.268509E-015,1.523071E-014
122,8.305203E-015,2.324585E-014
123,8.284253E-015,1.598721E-014
124,8.275461E-015,1.882016E-014
125,8.268827E-015,2.139017E-014
126,8.251019E-015,1.488858E-014
127,8.271520E-015,1.785217E-014
128,8.283356E-015,1.715357E-014
129,8.301183E-015,1.966568E-014
130,8.284712E-015,2.324585E-014
131,8.269494E-015,1.854571E-014
132,8.258591E-015,1.588822E-014
133,8.265529E-015,1.569464E-014
134,8.298264E-015,1.488858E-014
135,8.271369E-015,1.588822E-014
136,8.274218E-015,1.884111E-014
137,8.282277E-015,1.551137E-014
138,8.266029E-015,1.778576E-014
139,8.248719E-015,1.888293E-014
140,8.261872E-015,1.608713E-014
141,8.273158E-015,1.986027E-014
142,8.308489E-015,1.785217E-014
143,8.281038E-015,2.322735E-014
144,8.285793E-015,1.778576E-014
145,8.293250E-015,1.588822E-014
146,8.295054E-015,1.796230E-014
147,8.279213E-015,1.786355E-014
148,8.287091E-015,1.472971E-014
149,8.274494E-015,1.588822E-014
150,8.259533E-015,1.601186E-014
151,8.281095E-015,1.785217E-014
152,8.279930E-015,1.986027E-014
153,8.271209E-015,1.352833E-014
154,8.297754E-015,1.614067E-014
155,8.291710E-015,1.776357E-014
156,8.280652E-015,1.606259E-014
157,8.304318E-015,1.609182E-014
158,8.291947E-015,1.423858E-014
159,8.289322E-015,1.598721E-014
160,8.281924E-015,1.293207E-014
161,8.296198E-015,1.793070E-014
162,8.293257E-015,1.464821E-014
163,8.303033E-015,1.421779E-014
164,8.299310E-015,1.689875E-014
165,8.295438E-015,2.081542E-014
166,8.272276E-015,1.447596E-014
167,8.298223E-015,1.614067E-014
168,8.273978E-015,1.454689E-014
169,8.282309E-015,1.421085E-014
170,8.250340E-015,1.510403E-014
171,8.269335E-015,1.902988E-014
172,8.318160E-015,2.139017E-014
173,8.289528E-015,1.911398E-014
174,8.283852E-015,1.423858E-014
175,8.288890E-015,1.293207E-014
176,8.270038E-015,1.601186E-014
177,8.282651E-015,1.370934E-014
178,8.326804E-015,1.776357E-014
179,8.284989E-015,1.654875E-014
180,8.294264E-015,1.715357E-014
181,8.307174E-015,1.517720E-014
182,8.285986E-015,1.464821E-014
183,8.304968E-015,1.591922E-014
184,8.299404E-015,1.831027E-014
185,8.296348E-015,1.542371E-014
186,8.318033E-015,1.781346E-014
187,8.282230E-015,1.776357E-014
188,8.272394E-015,1.341304E-014
189,8.258353E-015,1.776357E-014
190,8.270251E-015,1.245233E-014
191,8.286182E-015,1.776357E-014
192,8.304359E-015,1.445850E-014
193,8.298194E-015,1.464821E-014
194,8.316997E-015,1.347289E-014
195,8.272366E-015,1.793070E-014
196,8.246186E-015,1.373270E-014
197,8.266858E-015,1.438328E-014
198,8.278848E-015,1.807721E-014
199,8.298170E-015,1.778576E-014
200,8.283645E-015,1.244243E-014
201,8.310053E-015,1.828871E-014
202,8.288772E-015,1.688123E-014
203,8.271353E-015,1.300668E-014
204,8.279069E-015,1.456721E-014
205,8.280421E-015,1.378868E-014
206,8.248737E-015,1.986027E-014
207,8.275483E-015,1.421085E-014
208,8.315423E-015,1.588822E-014
209,8.285474E-015,1.421259E-014
210,8.278130E-015,1.724531E-014
211,8.302544E-015,1.776357E-014
212,8.249577E-015,1.573579E-014
213,8.290784E-015,1.288624E-014
214,8.286112E-015,1.246618E-014
215,8.281075E-015,1.776357E-014
216,8.290493E-015,1.387379E-014
217,8.284761E-015,1.165258E-014
218,8.299155E-015,1.387379E-014
219,8.270777E-015,1.626997E-014
220,8.276659E-015,1.533234E-014
221,8.292108E-015,1.642717E-014
222,8.324695E-015,1.502579E-014
223,8.282859E-015,1.152548E-014
224,8.293438E-015,1.578431E-014
225,8.287512E-015,1.424594E-014
226,8.278609E-015,1.156245E-014
227,8.298040E-015,1.522352E-014
228,8.280708E-015,1.427317E-014
229,8.306858E-015,1.421259E-014
230,8.289919E-015,1.280949E-014
231,8.294004E-015,1.427317E-014
232,8.291574E-015,1.452357E-014
233,8.302498E-015,1.378824E-014
234,8.301469E-015,1.445850E-014
235,8.280217E-015,1.620774E-014
236,8.304302E-015,1.464821E-014
237,8.319166E-015,1.243450E-014
238,8.290592E-015,1.428396E-014
239,8.283703E-015,1.608560E-014
240,8.279094E-015,1.627613E-014
241,8.289867E-015,1.321597E-014
242,8.293948E-015,1.545086E-014
243,8.286450E-015,1.680659E-014
244,8.276319E-015,1.624572E-014
245,8.269293E-015,1.298973E-014
246,8.304424E-015,1.608560E-014
247,8.252874E-015,1.598721E-014
248,8.288603E-015,1.811536E-014
249,8.313297E-015,2.161031E-014
250,8.291262E-015,1.231697E-014
251,8.288804E-015,1.209888E-014
252,8.284261E-015,1.633085E-014
253,8.274408E-015,1.445850E-014
254,8.277367E-015,1.108556E-014
255,8.290480E-015,1.244243E-014
256,8.293643E-015,1.553678E-014
257,8.270042E-015,1.271678E-014
258,8.309565E-015,1.421779E-014
259,8.304731E-015,1.426323E-014
260,8.281240E-015,1.263949E-014
261,8.281236E-015,1.378824E-014
262,8.291556E-015,1.244243E-014
263,8.311280E-015,1.190387E-014
264,8.285811E-015,1.204170E-014
265,8.283511E-015,1.237338E-014
266,8.275177E-015,1.683590E-014
267,8.286417E-015,1.244243E-014
268,8.298554E-015,1.464821E-014
269,8.284195E-015,1.499235E-014
270,8.298491E-015,1.123467E-014
271,8.276246E-015,1.657376E-014
272,8.290993E-015,1.454689E-014
273,8.299702E-015,1.281719E-014
274,8.286444E-015,1.687576E-014
275,8.266817E-015,1.551137E-014
276,8.292365E-015,1.460872E-014
277,8.295752E-015,1.226281E-014
278,8.290760E-015,1.522709E-014
279,8.321710E-015,1.956010E-014
280,8.284491E-015,1.454689E-014
281,8.304073E-015,1.581990E-014
282,8.297338E-015,1.157244E-014
283,8.286346E-015,1.192767E-014
284,8.336554E-015,1.335225E-014
285,8.308909E-015,1.158043E-014
286,8.304511E-015,1.247090E-014
287,8.302054E-015,1.599338E-014
288,8.283308E-015,1.521654E-014
289,8.308434E-015,1.390219E-014
290,8.300831E-015,1.423858E-014
291,8.305568E-015,1.424594E-014
292,8.310235E-015,1.381193E-014
293,8.300741E-015,1.624688E-014
294,8.304430E-015,1.909874E-014
295,8.312347E-015,1.355746E-014
296,8.271813E-015,1.421085E-014
297,8.294656E-015,1.294627E-014
298,8.273415E-015,1.345708E-014
299,8.273430E-015,1.210601E-014
