turn_id,x,y,distance_to_identity,angle_from_identity
rand_0000,0.96506930,-0.59451431,1.08370634,-1.28577232
rand_0001,1.41080341,1.38603451,1.20326181,0.89735368
rand_0002,-1.29068297,-0.85670971,2.34567896,-2.55306174
rand_0003,0.78819262,0.12922720,0.34110489,-1.18663334
rand_0004,0.64355106,-0.40757413,0.85320937,-1.59048932
rand_0005,1.53975019,1.22326173,1.17401069,0.72416257
rand_0006,0.72638291,1.57271100,1.12917350,1.51228593
rand_0007,1.12786156,-0.41382267,0.97823746,-1.07252260
rand_0008,1.02910300,-0.51341281,1.02734268,-1.20366811
