timestep,timestamp_utc,U,S,T,F,teff_undefined,gpu_temp_c,gpu_power_w,gpu_clock_mhz,is_f_spike,is_thermal_peak
0,2026-02-21T20:00:07.4849144+00:00,0.49955524669630136,0.61438930295520244,1,-0.11483405625890108,1,42,18.19,2355,0,0
1,2026-02-21T20:00:11.4085790+00:00,0.49417007060620033,0.61954473376559982,1,-0.12537466315939949,0,41,5.58,210,0,0
2,2026-02-21T20:00:14.1987646+00:00,0.48648293800284276,0.63237882180009297,1,-0.14589588379725021,0,40,2.93,210,0,0
3,2026-02-21T20:00:16.7418133+00:00,0.48521154742923084,0.64821333473456622,1,-0.16300178730533538,0,41,4.71,210,0,1
4,2026-02-21T20:00:19.3313176+00:00,0.487799756140465,0.66372489084284303,1,-0.17592513470237803,0,41,4.01,210,0,0
5,2026-02-21T20:00:21.7536076+00:00,0.49220993751246339,0.67768979147882014,1,-0.18547985396635674,0,40,2.3,210,0,0
6,2026-02-21T20:00:24.1662205+00:00,0.49786107778217092,0.6900261842984392,1,-0.19216510651626828,0,40,2.3,210,0,0
7,2026-02-21T20:00:26.5540129+00:00,0.50377896503513642,0.70104449343415887,1,-0.19726552839902245,0,40,2.28,210,0,0
8,2026-02-21T20:00:28.9604770+00:00,0.51017767639729272,0.71102889940572123,1,-0.2008512230084285,0,40,2.37,210,0,0
9,2026-02-21T20:00:31.3276564+00:00,0.51658868430543214,0.7200623537528108,1,-0.20347366944737866,0,40,2.46,210,0,0
10,2026-02-21T20:00:33.6847369+00:00,0.52246381266547948,0.7282246376926873,1,-0.20576082502720783,0,40,2.23,210,0,0
11,2026-02-21T20:00:36.0510907+00:00,0.52756182051014255,0.73575365826016481,1,-0.20819183775002226,0,40,2.51,210,0,0
12,2026-02-21T20:00:38.3896455+00:00,0.53148029075654113,0.74292886942082481,1,-0.21144857866428368,0,40,2.44,210,0,0
13,2026-02-21T20:00:40.7199317+00:00,0.53431021634667841,0.74985221199870244,1,-0.21554199565202403,0,40,2.26,210,0,0
14,2026-02-21T20:00:43.0756739+00:00,0.53618106926335996,0.75656116986300948,1,-0.22038010059964952,0,40,2.36,210,0,0
15,2026-02-21T20:00:45.4424141+00:00,0.53720914918265983,0.76320011843982627,1,-0.22599096925716644,0,40,2.46,210,0,0
16,2026-02-21T20:00:47.7746701+00:00,0.53766696726042829,0.76990811469140219,1,-0.2322411474309739,0,40,2.46,210,0,0
17,2026-02-21T20:00:50.0871250+00:00,0.5376644228080103,0.77651441949179312,1,-0.23884999668378282,0,40,2.41,210,0,0
18,2026-02-21T20:00:52.4083680+00:00,0.53737056015967621,0.78263642106868569,1,-0.24526586090900948,0,40,2.54,210,0,0
19,2026-02-21T20:00:54.7269266+00:00,0.53693797397839615,0.78807766553285175,1,-0.25113969155445559,0,40,2.32,210,0,0
20,2026-02-21T20:00:57.0387492+00:00,0.53641738985714349,0.7929256950889928,1,-0.25650830523184931,0,40,2.29,210,0,0
21,2026-02-21T20:00:59.3524518+00:00,0.53592864082533442,0.79736252809332364,1,-0.26143388726798922,0,40,2.46,210,0,0
22,2026-02-21T20:01:01.6720090+00:00,0.53550979552969924,0.80152371638104092,1,-0.26601392085134168,0,40,2.31,210,0,0
23,2026-02-21T20:01:03.9809673+00:00,0.53519062527347527,0.80549666006252252,1,-0.27030603478904724,0,40,2.58,210,0,0
24,2026-02-21T20:01:06.3004714+00:00,0.53502819803525981,0.80932081580928339,1,-0.27429261777402358,0,40,2.36,210,0,0
25,2026-02-21T20:01:08.6239633+00:00,0.53500935471822808,0.81301866626176089,1,-0.27800931154353281,0,40,2.27,210,0,0
26,2026-02-21T20:01:10.9509187+00:00,0.535163443085373,0.81657967312336943,1,-0.28141623003799643,0,40,2.39,210,0,0
27,2026-02-21T20:01:13.2796694+00:00,0.53549839281664746,0.8200121271428813,1,-0.28451373432623384,0,40,2.44,210,0,0
28,2026-02-21T20:01:15.6058066+00:00,0.53599877753637304,0.82338548874510953,1,-0.28738671120873649,0,40,2.28,210,0,0
29,2026-02-21T20:01:17.9134239+00:00,0.53668337800713972,0.82673323568363888,1,-0.29004985767649916,0,40,2.36,210,0,0
30,2026-02-21T20:01:20.4412936+00:00,0.53752885108056114,0.83006596177246394,1,-0.2925371106919028,0,40,2.88,210,0,0
31,2026-02-21T20:01:22.9035616+00:00,0.5385275805584725,0.83344838208804917,1,-0.29492080152957667,0,40,5.63,210,0,0
32,2026-02-21T20:01:25.4140757+00:00,0.53967819443273324,0.83692544104887978,1,-0.29724724661614654,0,42,18.41,2355,0,1
33,2026-02-21T20:01:27.7970500+00:00,0.54095869398563634,0.84039759771477784,1,-0.2994389037291415,0,41,11.66,210,0,0
34,2026-02-21T20:01:30.1517846+00:00,0.54238138922086543,0.84369401661140642,1,-0.30131262739054099,0,40,5.2,210,0,0
35,2026-02-21T20:01:32.7080981+00:00,0.54395367461863109,0.84672682324805293,1,-0.30277314862942184,0,42,9.02,2355,0,1
36,2026-02-21T20:01:35.2060475+00:00,0.54569315937027763,0.84951818792236622,1,-0.30382502855208859,0,42,18.54,2355,0,0
37,2026-02-21T20:01:37.7261213+00:00,0.54763376962753774,0.85215662699170713,1,-0.3045228573641694,0,41,8.85,210,0,0
38,2026-02-21T20:01:40.1099212+00:00,0.54977440010902545,0.85469653025967463,1,-0.30492213015064917,0,41,5.36,210,0,0
39,2026-02-21T20:01:42.5220268+00:00,0.55209704967837769,0.85710008467408738,1,-0.30500303499570969,0,41,5.25,210,0,0
40,2026-02-21T20:01:44.8787922+00:00,0.55455348810227023,0.85934955163744398,1,-0.30479606353517374,0,41,5.39,210,1,0
41,2026-02-21T20:01:47.2082448+00:00,0.55707621276379271,0.86152482333308023,1,-0.30444861056928751,0,41,5.4,210,1,0
42,2026-02-21T20:01:49.6401041+00:00,0.55962848397186682,0.86370620338702808,1,-0.30407771941516126,0,41,5.24,210,1,0
43,2026-02-21T20:01:52.2367452+00:00,0.56219511262281618,0.86588830474415468,1,-0.3036931921213385,0,41,5.52,210,1,0
44,2026-02-21T20:01:54.7046679+00:00,0.56479601408583502,0.86802711609264616,1,-0.30323110200681114,0,41,5.24,210,1,0
45,2026-02-21T20:01:57.1225442+00:00,0.56747745665016647,0.87012196010386023,1,-0.30264450345369376,0,42,11.5,2355,1,1
46,2026-02-21T20:01:59.5768474+00:00,0.57028006316589841,0.87224745377367585,1,-0.30196739060777744,0,42,18.39,2355,1,0
47,2026-02-21T20:02:01.9963157+00:00,0.5732478317578702,0.87443759722444991,1,-0.30118976546657972,0,41,4.15,210,1,0
48,2026-02-21T20:02:04.4361362+00:00,0.57640802078115028,0.87660098350620885,1,-0.30019296272505858,0,41,2.78,210,1,0
49,2026-02-21T20:02:06.8962268+00:00,0.57976660512619982,0.87865558886175488,1,-0.29888898373555506,0,41,2.49,210,1,0
50,2026-02-21T20:02:09.3463068+00:00,0.583315905867693,0.880568796042973,1,-0.29725289017528,0,41,2.32,210,1,0
51,2026-02-21T20:02:11.9994464+00:00,0.58701618334368733,0.88234555852458751,1,-0.29532937518090019,0,41,2.38,210,1,0
52,2026-02-21T20:02:14.4681278+00:00,0.59080816055041818,0.88403585733726897,1,-0.29322769678685079,0,41,2.5,210,1,0
53,2026-02-21T20:02:16.9244352+00:00,0.59462103798451293,0.88566600681217189,1,-0.29104496882765896,0,41,2.55,210,1,0
54,2026-02-21T20:02:19.3632147+00:00,0.59838302569326407,0.88725799924508419,1,-0.28887497355182012,0,41,2.47,210,1,0
55,2026-02-21T20:02:21.8182888+00:00,0.60205267587308176,0.88881772423228811,1,-0.28676504835920635,0,41,2.5,210,1,0
56,2026-02-21T20:02:24.2613645+00:00,0.60562139836890616,0.89036676897076994,1,-0.28474537060186378,0,41,2.51,210,1,0
57,2026-02-21T20:02:26.7043112+00:00,0.60911434779662943,0.89193180662088767,1,-0.28281745882425824,0,41,2.56,210,1,0
58,2026-02-21T20:02:29.1385825+00:00,0.61258330649764248,0.89345441500615264,1,-0.28087110850851016,0,41,2.57,210,1,0
59,2026-02-21T20:02:31.5796300+00:00,0.61607769698302906,0.89487943625541411,1,-0.27880173927238505,0,41,2.61,210,1,0
60,2026-02-21T20:02:34.0099954+00:00,0.61962933318432012,0.89616502790560892,1,-0.27653569472128881,0,41,3.71,210,1,0
61,2026-02-21T20:02:36.4392083+00:00,0.62322991316134235,0.89731686075492534,1,-0.27408694759358299,0,41,2.84,210,1,0
62,2026-02-21T20:02:37.5823907+00:00,0.62682380433288953,0.89838738978672406,1,-0.27156358545383452,0,40,2.54,210,1,0
63,2026-02-21T20:02:38.4098428+00:00,0.63034042537348922,0.89944272069206732,1,-0.2691022953185781,0,40,2.54,210,1,0
64,2026-02-21T20:02:39.5671724+00:00,0.63373171100288694,0.90052666062728226,1,-0.26679494962439532,0,40,2.67,210,1,0
65,2026-02-21T20:02:40.3981742+00:00,0.63700262817834818,0.90161988995797826,1,-0.26461726177963008,0,40,2.67,210,1,0
66,2026-02-21T20:02:41.5621411+00:00,0.64018534004819905,0.90271078444840591,1,-0.26252544440020686,0,40,2.64,210,1,0
67,2026-02-21T20:02:42.3888703+00:00,0.64325874743796296,0.90378423616297743,1,-0.26052548872501446,0,40,2.64,210,1,0
68,2026-02-21T20:02:43.5497058+00:00,0.64611307426516085,0.90485528773455515,1,-0.2587422134693943,0,40,2.82,210,1,0
69,2026-02-21T20:02:44.3874921+00:00,0.64863362123510704,0.90599736256696828,1,-0.25736374133186124,0,40,2.82,210,1,0
70,2026-02-21T20:02:45.5705426+00:00,0.65090403465039204,0.90725143426883881,1,-0.25634739961844677,0,40,2.72,210,1,0
71,2026-02-21T20:02:46.7357870+00:00,0.65335385833527115,0.90843279132425991,1,-0.25507893298898876,0,40,2.65,210,1,0
72,2026-02-21T20:02:47.5674895+00:00,0.65660672942457754,0.90928821878371657,1,-0.25268148935913903,0,40,2.65,210,1,0
73,2026-02-21T20:02:48.7273485+00:00,0.66103551674596517,0.90977469032210634,1,-0.24873917357614117,0,40,2.81,210,1,0
74,2026-02-21T20:02:49.5495388+00:00,0.66636608329199043,0.91002162190294056,1,-0.24365553861095013,0,40,2.81,210,1,0
75,2026-02-21T20:02:50.7250476+00:00,0.67177368132877302,0.91007872293573933,1,-0.23830504160696631,0,40,2.82,210,1,0
76,2026-02-21T20:02:51.5618085+00:00,0.67651072951751223,0.91008302622618964,1,-0.23357229670867741,0,40,2.82,210,1,0
77,2026-02-21T20:02:52.7318530+00:00,0.68049831827790985,0.9101662198054693,1,-0.22966790152755945,0,40,2.88,210,1,0
78,2026-02-21T20:02:53.5528793+00:00,0.68426185733636957,0.91032874002620812,1,-0.22606688268983854,0,40,2.88,210,1,0
79,2026-02-21T20:02:54.7158835+00:00,0.68821415471176839,0.91065406708167929,1,-0.2224399123699109,0,40,2.72,210,1,0
80,2026-02-21T20:02:55.5436580+00:00,0.69203320932635093,0.9113532840705787,1,-0.21932007474422777,0,40,2.72,210,1,0
81,2026-02-21T20:02:56.7017657+00:00,0.69492596937976447,0.91249013234279752,1,-0.21756416296303305,0,40,2.68,210,1,0
82,2026-02-21T20:02:57.5378479+00:00,0.69666175297222543,0.91374714777325217,1,-0.21708539480102673,0,40,2.68,210,1,0
83,2026-02-21T20:02:58.7109003+00:00,0.69831943080587211,0.91472079011465868,1,-0.21640135930878657,0,40,2.73,210,1,0
84,2026-02-21T20:02:59.5583939+00:00,0.70174164091632207,0.91546387363568538,1,-0.2137222327193633,0,40,2.73,210,1,0
85,2026-02-21T20:03:00.7190915+00:00,0.70790297797689472,0.91633802401506848,1,-0.20843504603817375,0,40,2.84,210,1,0
86,2026-02-21T20:03:01.5518477+00:00,0.71576197480560033,0.91741145316994199,1,-0.20164947836434166,0,40,2.84,210,1,0
87,2026-02-21T20:03:02.7312409+00:00,0.72296569017104673,0.91832767709464502,1,-0.1953619869235983,0,40,3.06,210,1,0
88,2026-02-21T20:03:03.5561979+00:00,0.72783401260734004,0.91880508953164497,1,-0.19097107692430493,0,40,3.06,210,1,0
89,2026-02-21T20:03:04.7206682+00:00,0.73052996598990494,0.91899866151321674,1,-0.1884686955233118,0,40,2.76,210,1,0
90,2026-02-21T20:03:05.5361521+00:00,0.73221830400544896,0.91927875726504715,1,-0.18706045325959819,0,40,2.76,210,1,0
91,2026-02-21T20:03:06.7032254+00:00,0.7334878543297112,0.91973905645008858,1,-0.18625120212037738,0,40,2.76,210,1,0
92,2026-02-21T20:03:07.5523076+00:00,0.73418309692541051,0.92020681425473083,1,-0.18602371732932033,0,40,2.76,210,1,0
93,2026-02-21T20:03:08.7164580+00:00,0.73462983772036972,0.92051490171070482,1,-0.18588506399033511,0,40,2.84,210,1,0
94,2026-02-21T20:03:09.5352455+00:00,0.73604132673663158,0.92063573672049048,1,-0.1845944099838589,0,40,2.84,210,1,0
95,2026-02-21T20:03:10.7226564+00:00,0.73911480181981248,0.920714005721602,1,-0.18159920390178952,0,40,2.91,210,1,0
96,2026-02-21T20:03:11.5459265+00:00,0.74285764655225117,0.92088933248731375,1,-0.17803168593506258,0,40,2.91,210,1,0
97,2026-02-21T20:03:12.7159326+00:00,0.74563257094634794,0.92121415884516344,1,-0.17558158789881551,0,40,2.7,210,1,0
98,2026-02-21T20:03:13.5368921+00:00,0.74702726959384846,0.92162451249843258,1,-0.17459724290458412,0,40,2.7,210,1,0
99,2026-02-21T20:03:14.7123569+00:00,0.74792793967805016,0.92198429492003064,1,-0.17405635524198049,0,40,2.68,210,1,0
