t,u_raw,u_norm,s_raw,s_norm,t_value,f,df_dt,delta_u,delta_s,t_eff,t_eff_status,regime
0,1.150545E-001,4.995552E-001,8.601450E+000,6.143893E-001,1.000000E+000,-1.148341E-001,0.000000E+000,0.000000E+000,0.000000E+000,NaN,undefined_small_entropy_change,undefined
1,1.000387E-001,4.343583E-001,8.534255E+000,6.095897E-001,1.000000E+000,-1.752314E-001,-6.039731E+000,-6.519695E-002,-4.799637E-003,1.358372E+001,valid,crystallization
2,9.708580E-002,4.215370E-001,8.555087E+000,6.110777E-001,1.000000E+000,-1.895407E-001,-1.430933E+000,-1.282132E-002,1.488009E-003,-8.616427E+000,valid,anomalous
3,9.498531E-002,4.124169E-001,8.573613E+000,6.124009E-001,1.000000E+000,-1.999841E-001,-1.044337E+000,-9.120116E-003,1.323253E-003,-6.892195E+000,valid,anomalous
4,9.337854E-002,4.054404E-001,8.591352E+000,6.136680E-001,1.000000E+000,-2.082276E-001,-8.243516E-001,-6.976457E-003,1.267059E-003,-5.506024E+000,valid,anomalous
5,9.209153E-002,3.998523E-001,8.608726E+000,6.149090E-001,1.000000E+000,-2.150567E-001,-6.829093E-001,-5.588063E-003,1.241029E-003,-4.502765E+000,valid,anomalous
6,9.102813E-002,3.952351E-001,8.625832E+000,6.161309E-001,1.000000E+000,-2.208957E-001,-5.839044E-001,-4.617193E-003,1.221851E-003,-3.778852E+000,valid,anomalous
7,9.012982E-002,3.913348E-001,8.642671E+000,6.173336E-001,1.000000E+000,-2.259988E-001,-5.103115E-001,-3.900348E-003,1.202767E-003,-3.242811E+000,valid,anomalous
8,8.935834E-002,3.879851E-001,8.659222E+000,6.185158E-001,1.000000E+000,-2.305307E-001,-4.531883E-001,-3.349695E-003,1.182188E-003,-2.833470E+000,valid,anomalous
9,8.868721E-002,3.850711E-001,8.675463E+000,6.196759E-001,1.000000E+000,-2.346048E-001,-4.074068E-001,-2.913977E-003,1.160091E-003,-2.511853E+000,valid,anomalous
10,8.809732E-002,3.825099E-001,8.691379E+000,6.208128E-001,1.000000E+000,-2.383029E-001,-3.698098E-001,-2.561234E-003,1.136864E-003,-2.252894E+000,valid,anomalous
11,8.757441E-002,3.802394E-001,8.706960E+000,6.219257E-001,1.000000E+000,-2.416863E-001,-3.383398E-001,-2.270453E-003,1.112945E-003,-2.040042E+000,valid,anomalous
12,8.710751E-002,3.782122E-001,8.722202E+000,6.230144E-001,1.000000E+000,-2.448022E-001,-3.115925E-001,-2.027214E-003,1.088711E-003,-1.862032E+000,valid,anomalous
13,8.668805E-002,3.763910E-001,8.737105E+000,6.240789E-001,1.000000E+000,-2.476879E-001,-2.885736E-001,-1.821272E-003,1.064464E-003,-1.710976E+000,valid,anomalous
14,8.630915E-002,3.747458E-001,8.751671E+000,6.251193E-001,1.000000E+000,-2.503735E-001,-2.685569E-001,-1.645134E-003,1.040435E-003,-1.581198E+000,valid,anomalous
15,8.596525E-002,3.732526E-001,8.765906E+000,6.261361E-001,1.000000E+000,-2.528835E-001,-2.509982E-001,-1.493185E-003,1.016796E-003,-1.468520E+000,valid,anomalous
16,8.565176E-002,3.718915E-001,8.779817E+000,6.271298E-001,1.000000E+000,-2.552383E-001,-2.354807E-001,-1.361133E-003,9.936740E-004,-1.369798E+000,valid,anomalous
17,8.536487E-002,3.706459E-001,8.793413E+000,6.281010E-001,1.000000E+000,-2.574551E-001,-2.216793E-001,-1.245635E-003,9.711582E-004,-1.282628E+000,valid,anomalous
18,8.510138E-002,3.695018E-001,8.806704E+000,6.290503E-001,1.000000E+000,-2.595485E-001,-2.093360E-001,-1.144049E-003,9.493107E-004,-1.205137E+000,valid,anomalous
19,8.485857E-002,3.684476E-001,8.819698E+000,6.299784E-001,1.000000E+000,-2.615309E-001,-1.982430E-001,-1.054258E-003,9.281716E-004,-1.135844E+000,valid,anomalous
20,8.463412E-002,3.674730E-001,8.832407E+000,6.308862E-001,1.000000E+000,-2.634132E-001,-1.882311E-001,-9.745464E-004,9.077644E-004,-1.073567E+000,valid,anomalous
21,8.442603E-002,3.665695E-001,8.844840E+000,6.317743E-001,1.000000E+000,-2.652048E-001,-1.791606E-001,-9.035063E-004,8.880998E-004,-1.017348E+000,valid,anomalous
22,8.423258E-002,3.657295E-001,8.857009E+000,6.326435E-001,1.000000E+000,-2.669140E-001,-1.709152E-001,-8.399738E-004,8.691784E-004,-9.663998E-001,valid,anomalous
23,8.405224E-002,3.649466E-001,8.868923E+000,6.334945E-001,1.000000E+000,-2.685479E-001,-1.633971E-001,-7.829775E-004,8.509934E-004,-9.200748E-001,valid,anomalous
24,8.388372E-002,3.642149E-001,8.880592E+000,6.343280E-001,1.000000E+000,-2.701132E-001,-1.565232E-001,-7.317002E-004,8.335321E-004,-8.778309E-001,valid,anomalous
25,8.372586E-002,3.635294E-001,8.892027E+000,6.351448E-001,1.000000E+000,-2.716154E-001,-1.502227E-001,-6.854496E-004,8.167778E-004,-8.392119E-001,valid,anomalous
26,8.357762E-002,3.628858E-001,8.903237E+000,6.359455E-001,1.000000E+000,-2.730597E-001,-1.444346E-001,-6.436356E-004,8.007105E-004,-8.038305E-001,valid,anomalous
27,8.343810E-002,3.622800E-001,8.914231E+000,6.367308E-001,1.000000E+000,-2.744508E-001,-1.391060E-001,-6.057520E-004,7.853083E-004,-7.713556E-001,valid,anomalous
28,8.330651E-002,3.617087E-001,8.925019E+000,6.375014E-001,1.000000E+000,-2.757927E-001,-1.341910E-001,-5.713625E-004,7.705476E-004,-7.415019E-001,valid,anomalous
29,8.318212E-002,3.611686E-001,8.935609E+000,6.382578E-001,1.000000E+000,-2.770892E-001,-1.296493E-001,-5.400890E-004,7.564040E-004,-7.140219E-001,valid,anomalous
30,8.306429E-002,3.606570E-001,8.946009E+000,6.390006E-001,1.000000E+000,-2.783436E-001,-1.254455E-001,-5.116024E-004,7.428526E-004,-6.886998E-001,valid,anomalous
31,8.295245E-002,3.601713E-001,8.956227E+000,6.397305E-001,1.000000E+000,-2.795591E-001,-1.215484E-001,-4.856151E-004,7.298686E-004,-6.653459E-001,valid,anomalous
32,8.284607E-002,3.597095E-001,8.966271E+000,6.404479E-001,1.000000E+000,-2.807384E-001,-1.179302E-001,-4.618747E-004,7.174272E-004,-6.437931E-001,valid,anomalous
33,8.274470E-002,3.592693E-001,8.976148E+000,6.411534E-001,1.000000E+000,-2.818841E-001,-1.145663E-001,-4.401589E-004,7.055040E-004,-6.238928E-001,valid,anomalous
34,8.264790E-002,3.588490E-001,8.985865E+000,6.418475E-001,1.000000E+000,-2.829984E-001,-1.114347E-001,-4.202714E-004,6.940753E-004,-6.055127E-001,valid,anomalous
35,8.255531E-002,3.584470E-001,8.995428E+000,6.425306E-001,1.000000E+000,-2.840836E-001,-1.085156E-001,-4.020382E-004,6.831179E-004,-5.885341E-001,valid,anomalous
36,8.246657E-002,3.580617E-001,9.004845E+000,6.432032E-001,1.000000E+000,-2.851415E-001,-1.057914E-001,-3.853045E-004,6.726094E-004,-5.728504E-001,valid,anomalous
37,8.238137E-002,3.576918E-001,9.014120E+000,6.438657E-001,1.000000E+000,-2.861740E-001,-1.032461E-001,-3.699327E-004,6.625283E-004,-5.583652E-001,valid,anomalous
38,8.229942E-002,3.573360E-001,9.023260E+000,6.445186E-001,1.000000E+000,-2.871826E-001,-1.008653E-001,-3.557996E-004,6.528538E-004,-5.449913E-001,valid,anomalous
39,8.222047E-002,3.569932E-001,9.032270E+000,6.451622E-001,1.000000E+000,-2.881690E-001,-9.863611E-002,-3.427950E-004,6.435661E-004,-5.326493E-001,valid,anomalous
40,8.214428E-002,3.566624E-001,9.041155E+000,6.457968E-001,1.000000E+000,-2.891345E-001,-9.654661E-002,-3.308199E-004,6.346462E-004,-5.212667E-001,valid,anomalous
41,8.207063E-002,3.563426E-001,9.049920E+000,6.464229E-001,1.000000E+000,-2.900803E-001,-9.458614E-002,-3.197855E-004,6.260759E-004,-5.107774E-001,valid,anomalous
42,8.199932E-002,3.560330E-001,9.058570E+000,6.470407E-001,1.000000E+000,-2.910078E-001,-9.274495E-002,-3.096114E-004,6.178381E-004,-5.011207E-001,valid,anomalous
43,8.193017E-002,3.557327E-001,9.067109E+000,6.476506E-001,1.000000E+000,-2.919179E-001,-9.101417E-002,-3.002255E-004,6.099162E-004,-4.922406E-001,valid,anomalous
44,8.186302E-002,3.554412E-001,9.075541E+000,6.482529E-001,1.000000E+000,-2.928118E-001,-8.938570E-002,-2.915624E-004,6.022947E-004,-4.840859E-001,valid,anomalous
45,8.179771E-002,3.551576E-001,9.083870E+000,6.488479E-001,1.000000E+000,-2.936903E-001,-8.785213E-002,-2.835627E-004,5.949587E-004,-4.766091E-001,valid,anomalous
46,8.173411E-002,3.548814E-001,9.092101E+000,6.494358E-001,1.000000E+000,-2.945544E-001,-8.640669E-002,-2.761728E-004,5.878941E-004,-4.697662E-001,valid,anomalous
47,8.167207E-002,3.546121E-001,9.100236E+000,6.500169E-001,1.000000E+000,-2.954048E-001,-8.504314E-002,-2.693439E-004,5.810876E-004,-4.635168E-001,valid,anomalous
48,8.161149E-002,3.543491E-001,9.108280E+000,6.505914E-001,1.000000E+000,-2.962423E-001,-8.375581E-002,-2.630315E-004,5.745265E-004,-4.578231E-001,valid,anomalous
49,8.155226E-002,3.540919E-001,9.116234E+000,6.511596E-001,1.000000E+000,-2.970677E-001,-8.253943E-002,-2.571954E-004,5.681990E-004,-4.526502E-001,valid,anomalous
50,8.149427E-002,3.538401E-001,9.124104E+000,6.517217E-001,1.000000E+000,-2.978816E-001,-8.138920E-002,-2.517985E-004,5.620935E-004,-4.479655E-001,valid,anomalous
51,8.143742E-002,3.535933E-001,9.131890E+000,6.522779E-001,1.000000E+000,-2.986846E-001,-8.030066E-002,-2.468072E-004,5.561994E-004,-4.437388E-001,valid,anomalous
52,8.138164E-002,3.533511E-001,9.139598E+000,6.528284E-001,1.000000E+000,-2.994773E-001,-7.926972E-002,-2.421908E-004,5.505064E-004,-4.399418E-001,valid,anomalous
53,8.132685E-002,3.531131E-001,9.147228E+000,6.533734E-001,1.000000E+000,-3.002603E-001,-7.829261E-002,-2.379211E-004,5.450051E-004,-4.365483E-001,valid,anomalous
54,8.127296E-002,3.528792E-001,9.154783E+000,6.539131E-001,1.000000E+000,-3.010339E-001,-7.736583E-002,-2.339722E-004,5.396862E-004,-4.335338E-001,valid,anomalous
55,8.121991E-002,3.526489E-001,9.162267E+000,6.544476E-001,1.000000E+000,-3.017988E-001,-7.648615E-002,-2.303205E-004,5.345411E-004,-4.308752E-001,valid,anomalous
56,8.116765E-002,3.524219E-001,9.169681E+000,6.549772E-001,1.000000E+000,-3.025553E-001,-7.565058E-002,-2.269442E-004,5.295616E-004,-4.285511E-001,valid,anomalous
57,8.111610E-002,3.521981E-001,9.177027E+000,6.555019E-001,1.000000E+000,-3.033038E-001,-7.485635E-002,-2.238234E-004,5.247401E-004,-4.265415E-001,valid,anomalous
58,8.106521E-002,3.519771E-001,9.184308E+000,6.560220E-001,1.000000E+000,-3.040449E-001,-7.410088E-002,-2.209397E-004,5.200691E-004,-4.248276E-001,valid,anomalous
59,8.101494E-002,3.517589E-001,9.191526E+000,6.565375E-001,1.000000E+000,-3.047787E-001,-7.338180E-002,-2.182762E-004,5.155418E-004,-4.233918E-001,valid,anomalous
60,8.096523E-002,3.515431E-001,9.198682E+000,6.570487E-001,1.000000E+000,-3.055056E-001,-7.269689E-002,-2.158172E-004,5.111517E-004,-4.222176E-001,valid,anomalous
61,8.091605E-002,3.513295E-001,9.205778E+000,6.575556E-001,1.000000E+000,-3.062261E-001,-7.204409E-002,-2.135485E-004,5.068924E-004,-4.212896E-001,valid,anomalous
62,8.086735E-002,3.511180E-001,9.212817E+000,6.580583E-001,1.000000E+000,-3.069403E-001,-7.142147E-002,-2.114567E-004,5.027581E-004,-4.205933E-001,valid,anomalous
63,8.081909E-002,3.509085E-001,9.219799E+000,6.585571E-001,1.000000E+000,-3.076486E-001,-7.082727E-002,-2.095295E-004,4.987432E-004,-4.201150E-001,valid,anomalous
64,8.077124E-002,3.507008E-001,9.226727E+000,6.590519E-001,1.000000E+000,-3.083512E-001,-7.025980E-002,-2.077556E-004,4.948424E-004,-4.198420E-001,valid,anomalous
65,8.072377E-002,3.504946E-001,9.233602E+000,6.595430E-001,1.000000E+000,-3.090483E-001,-6.971753E-002,-2.061246E-004,4.910507E-004,-4.197622E-001,valid,anomalous
66,8.067664E-002,3.502900E-001,9.240425E+000,6.600303E-001,1.000000E+000,-3.097403E-001,-6.919900E-002,-2.046266E-004,4.873634E-004,-4.198645E-001,valid,anomalous
67,8.062983E-002,3.500868E-001,9.247198E+000,6.605141E-001,1.000000E+000,-3.104274E-001,-6.870286E-002,-2.032527E-004,4.837759E-004,-4.201381E-001,valid,anomalous
68,8.058331E-002,3.498848E-001,9.253922E+000,6.609944E-001,1.000000E+000,-3.111096E-001,-6.822784E-002,-2.019945E-004,4.802839E-004,-4.205731E-001,valid,anomalous
69,8.053705E-002,3.496839E-001,9.260598E+000,6.614713E-001,1.000000E+000,-3.117874E-001,-6.777277E-002,-2.008443E-004,4.768834E-004,-4.211601E-001,valid,anomalous
70,8.049103E-002,3.494841E-001,9.267228E+000,6.619449E-001,1.000000E+000,-3.124607E-001,-6.733653E-002,-1.997948E-004,4.735705E-004,-4.218903E-001,valid,anomalous
71,8.044524E-002,3.492853E-001,9.273813E+000,6.624152E-001,1.000000E+000,-3.131299E-001,-6.691810E-002,-1.988394E-004,4.703416E-004,-4.227553E-001,valid,anomalous
72,8.039964E-002,3.490873E-001,9.280353E+000,6.628824E-001,1.000000E+000,-3.137951E-001,-6.651649E-002,-1.979718E-004,4.671931E-004,-4.237474E-001,valid,anomalous
73,8.035423E-002,3.488901E-001,9.286851E+000,6.633465E-001,1.000000E+000,-3.144564E-001,-6.613080E-002,-1.971863E-004,4.641217E-004,-4.248591E-001,valid,anomalous
74,8.030898E-002,3.486936E-001,9.293307E+000,6.638076E-001,1.000000E+000,-3.151140E-001,-6.576018E-002,-1.964774E-004,4.611244E-004,-4.260834E-001,valid,anomalous
75,8.026387E-002,3.484978E-001,9.299722E+000,6.642658E-001,1.000000E+000,-3.157680E-001,-6.540382E-002,-1.958402E-004,4.581980E-004,-4.274139E-001,valid,anomalous
76,8.021890E-002,3.483025E-001,9.306096E+000,6.647212E-001,1.000000E+000,-3.164186E-001,-6.506096E-002,-1.952698E-004,4.553398E-004,-4.288442E-001,valid,anomalous
77,8.017404E-002,3.481078E-001,9.312432E+000,6.651737E-001,1.000000E+000,-3.170659E-001,-6.473090E-002,-1.947620E-004,4.525469E-004,-4.303687E-001,valid,anomalous
78,8.012929E-002,3.479135E-001,9.318730E+000,6.656235E-001,1.000000E+000,-3.177101E-001,-6.441297E-002,-1.943127E-004,4.498170E-004,-4.319817E-001,valid,anomalous
79,8.008463E-002,3.477195E-001,9.324990E+000,6.660707E-001,1.000000E+000,-3.183511E-001,-6.410654E-002,-1.939180E-004,4.471474E-004,-4.336781E-001,valid,anomalous
80,8.004004E-002,3.475260E-001,9.331213E+000,6.665152E-001,1.000000E+000,-3.189893E-001,-6.381103E-002,-1.935744E-004,4.445359E-004,-4.354529E-001,valid,anomalous
81,7.999553E-002,3.473327E-001,9.337401E+000,6.669572E-001,1.000000E+000,-3.196245E-001,-6.352588E-002,-1.932786E-004,4.419802E-004,-4.373015E-001,valid,anomalous
82,7.995107E-002,3.471397E-001,9.343554E+000,6.673967E-001,1.000000E+000,-3.202570E-001,-6.325055E-002,-1.930274E-004,4.394781E-004,-4.392196E-001,valid,anomalous
83,7.990666E-002,3.469468E-001,9.349672E+000,6.678337E-001,1.000000E+000,-3.208869E-001,-6.298456E-002,-1.928179E-004,4.370277E-004,-4.412030E-001,valid,anomalous
84,7.986229E-002,3.467542E-001,9.355757E+000,6.682683E-001,1.000000E+000,-3.215141E-001,-6.272744E-002,-1.926474E-004,4.346270E-004,-4.432477E-001,valid,anomalous
85,7.981795E-002,3.465617E-001,9.361809E+000,6.687006E-001,1.000000E+000,-3.221389E-001,-6.247875E-002,-1.925133E-004,4.322741E-004,-4.453501E-001,valid,anomalous
86,7.977364E-002,3.463693E-001,9.367828E+000,6.691306E-001,1.000000E+000,-3.227613E-001,-6.223807E-002,-1.924133E-004,4.299674E-004,-4.475067E-001,valid,anomalous
87,7.972934E-002,3.461769E-001,9.373816E+000,6.695583E-001,1.000000E+000,-3.233814E-001,-6.200500E-002,-1.923450E-004,4.277050E-004,-4.497142E-001,valid,anomalous
88,7.968505E-002,3.459846E-001,9.379773E+000,6.699838E-001,1.000000E+000,-3.239991E-001,-6.177919E-002,-1.923064E-004,4.254855E-004,-4.519693E-001,valid,anomalous
89,7.964076E-002,3.457923E-001,9.385699E+000,6.704071E-001,1.000000E+000,-3.246147E-001,-6.156026E-002,-1.922954E-004,4.233072E-004,-4.542692E-001,valid,anomalous
90,7.959647E-002,3.456000E-001,9.391595E+000,6.708282E-001,1.000000E+000,-3.252282E-001,-6.134790E-002,-1.923103E-004,4.211687E-004,-4.566111E-001,valid,anomalous
91,7.955217E-002,3.454077E-001,9.397462E+000,6.712473E-001,1.000000E+000,-3.258396E-001,-6.114178E-002,-1.923492E-004,4.190686E-004,-4.589922E-001,valid,anomalous
92,7.950785E-002,3.452153E-001,9.403300E+000,6.716643E-001,1.000000E+000,-3.264491E-001,-6.094160E-002,-1.924105E-004,4.170055E-004,-4.614101E-001,valid,anomalous
93,7.946352E-002,3.450228E-001,9.409110E+000,6.720793E-001,1.000000E+000,-3.270565E-001,-6.074709E-002,-1.924927E-004,4.149781E-004,-4.638624E-001,valid,anomalous
94,7.941916E-002,3.448302E-001,9.414892E+000,6.724923E-001,1.000000E+000,-3.276621E-001,-6.055797E-002,-1.925944E-004,4.129853E-004,-4.663468E-001,valid,anomalous
95,7.937478E-002,3.446375E-001,9.420646E+000,6.729033E-001,1.000000E+000,-3.282659E-001,-6.037399E-002,-1.927140E-004,4.110259E-004,-4.688611E-001,valid,anomalous
96,7.933036E-002,3.444446E-001,9.426374E+000,6.733124E-001,1.000000E+000,-3.288678E-001,-6.019491E-002,-1.928505E-004,4.090986E-004,-4.714034E-001,valid,anomalous
97,7.928591E-002,3.442516E-001,9.432075E+000,6.737196E-001,1.000000E+000,-3.294680E-001,-6.002050E-002,-1.930025E-004,4.072025E-004,-4.739717E-001,valid,anomalous
98,7.924142E-002,3.440584E-001,9.437749E+000,6.741249E-001,1.000000E+000,-3.300665E-001,-5.985054E-002,-1.931689E-004,4.053365E-004,-4.765642E-001,valid,anomalous
99,7.919689E-002,3.438651E-001,9.443398E+000,6.745284E-001,1.000000E+000,-3.306634E-001,-5.968482E-002,-1.933486E-004,4.034996E-004,-4.791792E-001,valid,anomalous
